domain_name,target_series,stage_order,forecast_stage,model_name,n,mse,rmse,mae
GDP,GDPC1,1,early_quarter,Dynamic Factor Model,32,53.047562927662234,7.2833757920117117,3.1010859507123389
GDP,GDPC1,1,early_quarter,Rolling Bridge–DFM Ensemble,32,78.45863576507395,8.8576879469235053,3.6767767087386987
GDP,GDPC1,1,early_quarter,Bridge–DFM Ensemble,32,79.778874731476193,8.9319020780277363,3.7085848820950331
GDP,GDPC1,1,early_quarter,Bridge Ridge,32,122.95049947138581,11.088304625657875,4.5756953376723279
GDP,GDPC1,1,early_quarter,AR(1),32,125.87810750594183,11.219541323331441,5.1570216706961638
GDP,GDPC1,2,after_month_1,Dynamic Factor Model,32,28.150204594433859,5.3056766386987686,2.7240415158702365
GDP,GDPC1,2,after_month_1,Rolling Bridge–DFM Ensemble,32,69.760079038035954,8.3522499386713722,3.3833908940251787
GDP,GDPC1,2,after_month_1,Bridge–DFM Ensemble,32,69.873430318518615,8.3590328578441788,3.4049536313725435
GDP,GDPC1,2,after_month_1,Bridge Ridge,32,137.71230643647147,11.735088684644504,4.1966969199681463
GDP,GDPC1,2,after_month_1,AR(1),32,169.78321365197132,13.030088781430898,5.0412797880440623
GDP,GDPC1,3,after_month_2,Bridge–DFM Ensemble,32,9.7734507649777065,3.1262518716472139,2.1364870333511647
GDP,GDPC1,3,after_month_2,Rolling Bridge–DFM Ensemble,32,9.9746153432528963,3.1582614431444553,2.1638184131964837
GDP,GDPC1,3,after_month_2,Dynamic Factor Model,32,11.569581599596617,3.4014087669077084,2.2258251398950959
GDP,GDPC1,3,after_month_2,Bridge Ridge,32,24.001269851696062,4.8991090875480676,2.8217220133124887
GDP,GDPC1,3,after_month_2,AR(1),32,161.67413413518284,12.715114397251124,4.9910608631597793
GDP,GDPC1,4,quarter_end,Rolling Bridge–DFM Ensemble,32,9.0534791305279789,3.0088999867938413,2.0218055302926135
GDP,GDPC1,4,quarter_end,Bridge–DFM Ensemble,32,9.0571702074982667,3.0095132841538126,2.0244318739262357
GDP,GDPC1,4,quarter_end,Bridge Ridge,32,9.2262956016417412,3.0374817862238683,2.0419025439567813
GDP,GDPC1,4,quarter_end,Dynamic Factor Model,32,10.825492989299882,3.2902116936908303,2.1648521450835121
GDP,GDPC1,4,quarter_end,AR(1),32,159.90756178777997,12.645456171596972,4.9796515404573762
GDP,GDPC1,5,pre_advance_release,Dynamic Factor Model,32,10.622029191963565,3.2591454695922311,2.1567175858114633
GDP,GDPC1,5,pre_advance_release,Bridge–DFM Ensemble,32,15.634282267463526,3.9540210251671053,2.2661812988196934
GDP,GDPC1,5,pre_advance_release,Rolling Bridge–DFM Ensemble,32,18.508035990958636,4.3020966970720957,2.3576166235299572
GDP,GDPC1,5,pre_advance_release,Bridge Ridge,32,26.080799118118581,5.1069363730242987,2.5067153323527185
GDP,GDPC1,5,pre_advance_release,AR(1),32,159.90756178777997,12.645456171596972,4.9796515404573762
Inflation,CPIAUCSL,1,month_open,Inflation Ridge-AR Ensemble,34,24.368702182945903,4.9364665686040965,3.9535533429315204
Inflation,CPIAUCSL,1,month_open,Inflation Bridge Ridge,34,25.618345139487932,5.0614568198778436,4.0787759573710627
Inflation,CPIAUCSL,1,month_open,Inflation 12-Month Mean,34,28.358623455437346,5.3252815376689098,4.4664528373091539
Inflation,CPIAUCSL,1,month_open,Inflation AR(1),34,31.644810569410105,5.625372038310898,4.4805815176517552
Inflation,CPIAUCSL,2,mid_month,Inflation Bridge Ridge,35,18.558266730825004,4.3079306785073737,3.1990729182113733
Inflation,CPIAUCSL,2,mid_month,Inflation Ridge-AR Ensemble,35,19.098788261531549,4.3702160428898189,3.2987022586531252
Inflation,CPIAUCSL,2,mid_month,Inflation AR(1),35,22.03187617674725,4.6938125417135321,3.6810308525449198
Inflation,CPIAUCSL,2,mid_month,Inflation 12-Month Mean,35,24.770357971488238,4.9769828180824813,4.1258190690518051
Inflation,CPIAUCSL,3,month_end,Inflation Bridge Ridge,35,18.553048553013458,4.3073249880887161,3.1951768422633631
Inflation,CPIAUCSL,3,month_end,Inflation Ridge-AR Ensemble,35,19.095840960359304,4.3698788267364241,3.2967542206791207
Inflation,CPIAUCSL,3,month_end,Inflation AR(1),35,22.03187617674725,4.6938125417135321,3.6810308525449198
Inflation,CPIAUCSL,3,month_end,Inflation 12-Month Mean,35,24.770357971488238,4.9769828180824813,4.1258190690518051
Inflation,CPIAUCSL,4,pre_release,Inflation Bridge Ridge,35,18.497775676317808,4.3009040533727099,3.1848324510932651
Inflation,CPIAUCSL,4,pre_release,Inflation Ridge-AR Ensemble,35,19.014744217631836,4.3605898933093714,3.2743401285491491
Inflation,CPIAUCSL,4,pre_release,Inflation AR(1),35,21.909420939034494,4.6807500402215982,3.6784725805216429
Inflation,CPIAUCSL,4,pre_release,Inflation 12-Month Mean,35,24.770435479393221,4.9769906047121708,4.1262178917007883
Inflation,CPILFESL,1,month_open,Inflation 12-Month Mean,34,12.787241958928199,3.575925329048161,2.7326479268621902
Inflation,CPILFESL,1,month_open,Inflation Ridge-AR Ensemble,34,13.067171322857646,3.6148542602513931,2.8146860962571023
Inflation,CPILFESL,1,month_open,Inflation AR(1),34,14.306440888073537,3.7823856080618667,3.0297932585655163
Inflation,CPILFESL,1,month_open,Inflation Bridge Ridge,34,15.832825923143346,3.9790483690379217,3.1590136422703976
Inflation,CPILFESL,2,mid_month,Inflation Ridge-AR Ensemble,35,8.1712285027562732,2.8585360768680661,2.1692942809540092
Inflation,CPILFESL,2,mid_month,Inflation AR(1),35,8.5140735908913623,2.9178885501148537,2.3294061198217748
Inflation,CPILFESL,2,mid_month,Inflation Bridge Ridge,35,9.5000973514799725,3.0822227939394602,2.3771316635110695
Inflation,CPILFESL,2,mid_month,Inflation 12-Month Mean,35,10.970068180132479,3.312109324906483,2.4997512813518648
Inflation,CPILFESL,3,month_end,Inflation Ridge-AR Ensemble,35,8.1708702381906537,2.8584734104396796,2.1685009141009273
Inflation,CPILFESL,3,month_end,Inflation AR(1),35,8.5140735908913623,2.9178885501148537,2.3294061198217748
Inflation,CPILFESL,3,month_end,Inflation Bridge Ridge,35,9.4990754039562262,3.0820570085506573,2.3755449298049052
Inflation,CPILFESL,3,month_end,Inflation 12-Month Mean,35,10.970068180132479,3.312109324906483,2.4997512813518648
Inflation,CPILFESL,4,pre_release,Inflation Ridge-AR Ensemble,35,8.1894518761808008,2.8617218376671065,2.1654278777783316
Inflation,CPILFESL,4,pre_release,Inflation AR(1),35,8.4888596139601962,2.9135647605571076,2.3200193168684575
Inflation,CPILFESL,4,pre_release,Inflation Bridge Ridge,35,9.5277942807656899,3.0867125361403009,2.371939744898214
Inflation,CPILFESL,4,pre_release,Inflation 12-Month Mean,35,10.971413231127558,3.3123123691958098,2.500179807539451
Inflation,PCEPI,1,month_open,Inflation Ridge-AR Ensemble,34,9.5723604643031095,3.0939231510015097,2.5689273907462571
Inflation,PCEPI,1,month_open,Inflation Bridge Ridge,34,9.7891253536469698,3.1287577972171272,2.6197283585414373
Inflation,PCEPI,1,month_open,Inflation 12-Month Mean,34,12.30043511317472,3.5071976153582676,2.9471181499794956
Inflation,PCEPI,1,month_open,Inflation AR(1),34,13.126961960526693,3.6231149527066751,2.9619547266800321
Inflation,PCEPI,2,mid_month,Inflation Bridge Ridge,34,7.9744299962891834,2.8239033263001732,2.1532156638896023
Inflation,PCEPI,2,mid_month,Inflation Ridge-AR Ensemble,34,9.3695770623765213,3.0609764883736892,2.4945096510955334
Inflation,PCEPI,2,mid_month,Inflation 12-Month Mean,34,12.30043511317472,3.5071976153582676,2.9471181499794956
Inflation,PCEPI,2,mid_month,Inflation AR(1),34,13.126961960526693,3.6231149527066751,2.9619547266800321
Inflation,PCEPI,3,month_end,Inflation Bridge Ridge,35,8.3062105852771548,2.8820497194318411,2.1145266351914374
Inflation,PCEPI,3,month_end,Inflation Ridge-AR Ensemble,35,8.8428874565650997,2.9736992881872069,2.3207176280487842
Inflation,PCEPI,3,month_end,Inflation AR(1),35,10.889210064121752,3.2998803105751806,2.6633626728118807
Inflation,PCEPI,3,month_end,Inflation 12-Month Mean,35,10.965860166337469,3.3114740171617636,2.7338920530738977
Inflation,PCEPI,4,pre_release,Inflation Bridge Ridge,35,8.3453737017958556,2.8888360461950513,2.1152537353477978
Inflation,PCEPI,4,pre_release,Inflation Ridge-AR Ensemble,35,8.8616366194374248,2.9768501170595445,2.3236267914899513
Inflation,PCEPI,4,pre_release,Inflation AR(1),35,10.893877437316162,3.3005874382170459,2.6657839143036757
Inflation,PCEPI,4,pre_release,Inflation 12-Month Mean,35,10.894107546340523,3.3006222968313903,2.7194731642231496
Inflation,PCEPILFE,1,month_open,Inflation Bridge Ridge,34,5.1055557228670549,2.2595476810342054,1.8304005384490081
Inflation,PCEPILFE,1,month_open,Inflation Ridge-AR Ensemble,34,5.2838565008507565,2.2986640687257363,1.8423361701514009
Inflation,PCEPILFE,1,month_open,Inflation 12-Month Mean,34,6.2968817868301405,2.5093588397895865,2.0582731649546724
Inflation,PCEPILFE,1,month_open,Inflation AR(1),34,6.7679966942996268,2.6015373713055951,2.1406431874384864
Inflation,PCEPILFE,2,mid_month,Inflation Ridge-AR Ensemble,34,5.313339843730887,2.3050682948083963,1.8659742250783269
Inflation,PCEPILFE,2,mid_month,Inflation Bridge Ridge,34,5.372945573633535,2.3179615125436261,1.9072090223433027
Inflation,PCEPILFE,2,mid_month,Inflation 12-Month Mean,34,6.2968817868301405,2.5093588397895865,2.0582731649546724
Inflation,PCEPILFE,2,mid_month,Inflation AR(1),34,6.7679966942996268,2.6015373713055951,2.1406431874384864
Inflation,PCEPILFE,3,month_end,Inflation Bridge Ridge,35,4.8715992203139455,2.2071699572787651,1.6747034023856031
Inflation,PCEPILFE,3,month_end,Inflation Ridge-AR Ensemble,35,5.0198262959098585,2.2404968859406744,1.7282168584622366
Inflation,PCEPILFE,3,month_end,Inflation 12-Month Mean,35,5.6034303645234669,2.3671565990705954,1.9004931291076386
Inflation,PCEPILFE,3,month_end,Inflation AR(1),35,6.1524289436798698,2.4804090274952375,1.9700579622668573
Inflation,PCEPILFE,4,pre_release,Inflation Bridge Ridge,35,4.8238085905872543,2.1963170514721355,1.6591471061398477
Inflation,PCEPILFE,4,pre_release,Inflation Ridge-AR Ensemble,35,4.9165576306331955,2.217331195521588,1.7012707578150439
Inflation,PCEPILFE,4,pre_release,Inflation 12-Month Mean,35,5.5640537495297719,2.3588246542568125,1.8866633095386727
Inflation,PCEPILFE,4,pre_release,Inflation AR(1),35,6.0557311454406442,2.4608395204565139,1.928990567908129
Labour,CES0500000003,1,month_open,Labour Bridge Ridge,67,28.30118959738984,5.319886239139878,2.666318703080123
Labour,CES0500000003,1,month_open,Labour Equal-Weight Ensemble,67,42.278863932063786,6.5022199233849189,2.7653509742229372
Labour,CES0500000003,1,month_open,Labour 12-Month Mean,67,52.4841954054288,7.2445976703629853,2.8821946827636933
Labour,CES0500000003,1,month_open,Labour Factor Ridge,67,54.539556108623508,7.3850901219026097,3.0927369336469646
Labour,CES0500000003,1,month_open,Labour AR(1),67,56.896414866970225,7.542971222732473,3.1803966703652597
Labour,CES0500000003,2,after_week_1,Labour Bridge Ridge,67,20.102174906821158,4.4835449040710138,2.4991646825469189
Labour,CES0500000003,2,after_week_1,Labour Equal-Weight Ensemble,67,38.294898228108359,6.1882871804812325,2.6615276547602971
Labour,CES0500000003,2,after_week_1,Labour 12-Month Mean,67,52.439491483048123,7.2415116849348609,2.8543217314700375
Labour,CES0500000003,2,after_week_1,Labour Factor Ridge,67,52.613637402872257,7.2535258600815826,3.1123802856800107
Labour,CES0500000003,2,after_week_1,Labour AR(1),67,53.092593570464842,7.2864664667083208,2.933162531832711
Labour,CES0500000003,3,after_week_2,Labour Bridge Ridge,68,40.282695523216667,6.3468650153612582,2.8840089599041003
Labour,CES0500000003,3,after_week_2,Labour Equal-Weight Ensemble,68,44.316279607488269,6.6570473640712722,2.6802568670658351
Labour,CES0500000003,3,after_week_2,Labour Factor Ridge,68,49.091402027058678,7.006525674473667,2.9295779059903282
Labour,CES0500000003,3,after_week_2,Labour 12-Month Mean,68,54.243165013972337,7.3649959276276817,2.9202144591060955
Labour,CES0500000003,3,after_week_2,Labour AR(1),68,65.250365211801594,8.0777698167131256,3.1474886732505931
Labour,CES0500000003,4,month_end,Labour Equal-Weight Ensemble,68,47.543115216935732,6.8951515731661575,2.68054134912932
Labour,CES0500000003,4,month_end,Labour Factor Ridge,68,52.047928177028453,7.2144250066812985,2.9279821825002843
Labour,CES0500000003,4,month_end,Labour Bridge Ridge,68,52.155779617314231,7.2218958464737106,3.119621148560769
Labour,CES0500000003,4,month_end,Labour 12-Month Mean,68,54.36843901825354,7.3734957122285998,2.9221654918476281
Labour,CES0500000003,4,month_end,Labour AR(1),68,64.980365420500704,8.0610399713995164,3.135182539794017
Labour,CES0500000003,5,pre_employment_report,Labour Equal-Weight Ensemble,68,48.038273859844004,6.9309648577845211,2.7043143646944845
Labour,CES0500000003,5,pre_employment_report,Labour Factor Ridge,68,52.040602017294475,7.2139172449713111,2.9441199983595094
Labour,CES0500000003,5,pre_employment_report,Labour Bridge Ridge,68,54.332055762082604,7.3710281346690438,3.1684338571083228
Labour,CES0500000003,5,pre_employment_report,Labour 12-Month Mean,68,54.425246940903754,7.3773468768185051,2.9311235649073382
Labour,CES0500000003,5,pre_employment_report,Labour AR(1),68,64.990996480677211,8.0616993543965165,3.1351655150459536
Labour,PAYEMS,1,month_open,Labour 12-Month Mean,77,6417332.8860930735,2533.245524242187,701.36688311688317
Labour,PAYEMS,1,month_open,Labour Bridge Ridge,77,7506054.7546473462,2739.7180064100294,815.32092231897911
Labour,PAYEMS,1,month_open,Labour Factor Ridge,77,8273359.7269258108,2876.3448553547628,755.03978976607402
Labour,PAYEMS,1,month_open,Labour Equal-Weight Ensemble,77,13770171.648606837,3710.8181912627888,944.08221921088591
Labour,PAYEMS,1,month_open,Labour AR(1),77,74909722.522783771,8655.040295849798,1512.8951414738647
Labour,PAYEMS,2,after_week_1,Labour Bridge Ridge,77,5330826.2770623909,2308.8582193505063,708.63201116324126
Labour,PAYEMS,2,after_week_1,Labour Equal-Weight Ensemble,77,5867774.4182320395,2422.3489464220547,609.33665611034644
Labour,PAYEMS,2,after_week_1,Labour AR(1),77,6266069.8450513454,2503.2119057425693,598.76416444803374
Labour,PAYEMS,2,after_week_1,Labour 12-Month Mean,77,6407724.8245851379,2531.3484202268833,694.45995670995671
Labour,PAYEMS,2,after_week_1,Labour Factor Ridge,77,6845271.7768754382,2616.3470291372737,712.80615882930078
Labour,PAYEMS,3,after_week_2,Labour Factor Ridge,78,5982587.6474074665,2445.9328787616937,644.27720599540328
Labour,PAYEMS,3,after_week_2,Labour Bridge Ridge,78,6014810.6400808645,2452.5110886764332,704.93252756692289
Labour,PAYEMS,3,after_week_2,Labour 12-Month Mean,78,6507242.610309829,2550.9297540915995,678.61217948717945
Labour,PAYEMS,3,after_week_2,Labour Equal-Weight Ensemble,78,12973176.049652155,3601.829542003918,855.02220930311978
Labour,PAYEMS,3,after_week_2,Labour AR(1),78,79390574.886294916,8910.1388814257498,1492.3559382739663
Labour,PAYEMS,4,month_end,Labour Bridge Ridge,78,5948530.0993433129,2438.9608646600527,702.82117516435005
Labour,PAYEMS,4,month_end,Labour Factor Ridge,78,6501263.0815865016,2549.7574554428707,698.13269427848581
Labour,PAYEMS,4,month_end,Labour 12-Month Mean,78,6512184.0056980057,2551.8981182049579,679.06623931623926
Labour,PAYEMS,4,month_end,Labour Equal-Weight Ensemble,78,11909537.384350758,3451.019760063793,829.49909744663273
Labour,PAYEMS,4,month_end,Labour AR(1),78,79458286.605837241,8913.9377721541914,1505.1907985795501
Labour,PAYEMS,5,pre_employment_report,Labour Bridge Ridge,78,5921537.542725361,2433.4209546901993,706.33741211393465
Labour,PAYEMS,5,pre_employment_report,Labour Factor Ridge,78,6471098.9516403256,2543.835480458657,698.8120858754088
Labour,PAYEMS,5,pre_employment_report,Labour 12-Month Mean,78,6511822.6577635333,2551.8273173871962,678.491452991453
Labour,PAYEMS,5,pre_employment_report,Labour Equal-Weight Ensemble,78,11885323.454065993,3447.509746768817,825.48174463288024
Labour,PAYEMS,5,pre_employment_report,Labour AR(1),78,79458354.538751796,8913.9415826418681,1505.3876283005391
Labour,UNRATE,1,month_open,Labour AR(1),77,4.3733723215151512,2.0912609405607783,0.8352959697775757
Labour,UNRATE,1,month_open,Labour Equal-Weight Ensemble,77,4.679939072502215,2.1633166833596542,0.64865465627966035
Labour,UNRATE,1,month_open,Labour 12-Month Mean,77,5.1116829004329007,2.2609031161093349,1.1616883116883119
Labour,UNRATE,1,month_open,Labour Factor Ridge,77,8.4229002163123852,2.9022233229564511,0.88803842878751726
Labour,UNRATE,1,month_open,Labour Bridge Ridge,77,9.0708295056485255,3.0117817825414455,0.79635661197566165
Labour,UNRATE,2,after_week_1,Labour Equal-Weight Ensemble,77,3.0086838441126726,1.7345558059954924,0.52455791028144294
Labour,UNRATE,2,after_week_1,Labour Bridge Ridge,77,3.749927716704653,1.9364730095471645,0.62581768535180216
Labour,UNRATE,2,after_week_1,Labour AR(1),77,4.1530236482802065,2.0378968689019095,0.76960725826409593
Labour,UNRATE,2,after_week_1,Labour Factor Ridge,77,4.7843937314572935,2.1873257031035167,0.76729767066029542
Labour,UNRATE,2,after_week_1,Labour 12-Month Mean,77,4.9577714646464655,2.226605367964082,1.1258658008658009
Labour,UNRATE,3,after_week_2,Labour Equal-Weight Ensemble,78,1.9214607019440826,1.3861676312567981,0.40461292289344086
Labour,UNRATE,3,after_week_2,Labour Factor Ridge,78,2.4605162012034509,1.5686032644373309,0.54720616970134528
Labour,UNRATE,3,after_week_2,Labour Bridge Ridge,78,2.5462564093461006,1.5956993480433903,0.5348048965403317
Labour,UNRATE,3,after_week_2,Labour AR(1),78,3.351006586277697,1.8305754795357927,0.63361852159095289
Labour,UNRATE,3,after_week_2,Labour 12-Month Mean,78,4.582378027065527,2.1406489733409182,1.065277777777778
Labour,UNRATE,4,month_end,Labour Equal-Weight Ensemble,78,1.7343285802472417,1.3169390951168705,0.38782627973916906
Labour,UNRATE,4,month_end,Labour Bridge Ridge,78,2.1671191276631876,1.4721138297234992,0.4933494236487867
Labour,UNRATE,4,month_end,Labour Factor Ridge,78,2.6332714124849272,1.6227357802442539,0.55263379822160097
Labour,UNRATE,4,month_end,Labour AR(1),78,3.1295306843168857,1.7690479598690607,0.6242716226734768
Labour,UNRATE,4,month_end,Labour 12-Month Mean,78,4.5604513888888887,2.1355213388980427,1.0575854700854701
Labour,UNRATE,5,pre_employment_report,Labour Equal-Weight Ensemble,78,1.7161794986916465,1.3100303426606754,0.38353651344823786
Labour,UNRATE,5,pre_employment_report,Labour Bridge Ridge,78,2.1050960451673237,1.450894911827636,0.48068923919050188
Labour,UNRATE,5,pre_employment_report,Labour Factor Ridge,78,2.6741717331990702,1.635289495226784,0.55696696772960286
Labour,UNRATE,5,pre_employment_report,Labour AR(1),78,3.1214871399490787,1.7667730867174423,0.61405598734527278
Labour,UNRATE,5,pre_employment_report,Labour 12-Month Mean,78,4.5201201923076919,2.126057429212036,1.0385683760683762
