domain_name,target_series,transition_order,earlier_stage,later_stage,alternative_fixed_model,eligible_pairs,excluded_same_hash_pairs,mean_delta_squared_error,median_delta_squared_error,squared_error_improvement_share,hac_bw_sq,hac_se_sq,hac_z_sq,hac_p_sq,mean_delta_abs_error,median_delta_abs_error,abs_error_improvement_share,hac_bw_abs,hac_se_abs,hac_z_abs,hac_p_abs,primary_mean_delta_squared_error,primary_mean_delta_abs_error,sq_sign_concordant_with_primary,abs_sign_concordant_with_primary
GDP,GDPC1,1,early_quarter,after_month_1,Bridge–DFM Ensemble,12,0,1.1599011501128376,0.51358373758941245,0.16666666666666666,2,0.34032749851733513,3.4081910958298778,0.00065395080400065808,0.50226911252586426,0.18548647281322594,0.16666666666666666,2,0.1562264979663007,3.2150058988981991,0.001304418416808506,0.28481210211484792,0.12964880383284949,1,1
GDP,GDPC1,2,after_month_1,after_month_2,Bridge–DFM Ensemble,12,0,-0.5728848673731316,-0.61331975291743701,0.83333333333333337,2,0.27307341367888088,-2.0979152076914098,0.035912636357904315,-0.30548360090552112,-0.30130397820066945,0.83333333333333337,2,0.068939156503517604,-4.4312059560800385,9.3707532247133685e-06,0.062838162336303405,-0.039523687929161701,0,1
GDP,GDPC1,3,after_month_2,quarter_end,Bridge–DFM Ensemble,12,0,0.3598393148250783,0.10695010550576953,0.33333333333333331,2,0.27967391147418369,1.2866388320896158,0.19822020218808989,0.11454964692668869,0.16141994472151322,0.33333333333333331,2,0.073250897054651432,1.5637985544562665,0.11786488388753225,0.053945535003365498,0.041265990495998398,1,1
GDP,GDPC1,4,quarter_end,pre_advance_release,Bridge–DFM Ensemble,12,0,-0.34450803473905545,-0.42382410109117252,0.66666666666666663,2,0.16973858235555467,-2.0296389303959654,0.042393254670540781,-0.047966994340871004,-0.19093573320257007,0.66666666666666663,2,0.059373086453525119,-0.80789120468611064,0.41915321492705271,-0.080737630495318902,-0.028326689587944199,1,1
Inflation,CPIAUCSL,1,month_open,mid_month,Inflation Ridge-AR Ensemble,39,0,-1.5236705225024514,-0.18744924564954601,0.53846153846153844,3,1.010029485243964,-1.5085406364492635,0.13141621445783858,-0.17929751989538639,-0.038466007557328652,0.53846153846153844,3,0.13919448723075331,-1.2881079090305583,0.1977084025789333,-1.7822927497831085,-0.1147457061830298,1,1
Inflation,CPIAUCSL,2,mid_month,month_end,Inflation Ridge-AR Ensemble,40,0,-0.014963674920762809,0,0.125,3,0.0530723795445492,-0.28194844567318167,0.77798304149420883,-0.00046443469949268844,0,0.125,3,0.020816746418843561,-0.022310628671168169,0.98220017053988684,-0.0047872315163182003,-0.016967908475822299,1,1
Inflation,CPIAUCSL,3,month_end,pre_release,Inflation Ridge-AR Ensemble,40,0,0.035502316902303134,0,0.40000000000000002,3,0.03265990150262689,1.0870307401094772,0.27702322456510231,0.01824876994536135,0,0.40000000000000002,3,0.011924937372748846,1.5303032104020839,0.12594169400490229,0.053200548390757198,0.035633292062741399,1,1
Inflation,CPILFESL,1,month_open,mid_month,Inflation AR(1),39,0,-0.64574238714920518,0,0.46153846153846156,3,0.27412908822140092,-2.3556142521718453,0.018492109416550662,-0.11381220973018831,0,0.46153846153846156,3,0.11385108746550916,-0.99965852117721199,0.31747579183489982,-0.63570171431411227,-0.16555189131094419,1,1
Inflation,CPILFESL,2,mid_month,month_end,Inflation AR(1),40,0,0,0,0,3,0,,,0,0,0,3,0,,,-0.0098155659070089992,-0.0023543722958783001,0,0
Inflation,CPILFESL,3,month_end,pre_release,Inflation AR(1),40,0,0.021975358736804486,0,0,3,0.020811430482461774,1.0559273546969095,0.29100140549698938,0.0074874153616749208,0,0,3,0.0070908432558072021,1.0559273546969097,0.29100140549698938,0.017520310528607402,0.0097504569338040994,1,1
Inflation,PCEPI,1,month_open,mid_month,Inflation Ridge-AR Ensemble,38,0,-0.097663751502066701,-0.0057812414239784317,0.55263157894736847,3,0.1373470235313507,-0.71107293766562085,0.47703903895414124,0.0044650845873052238,-0.014081415691596488,0.55263157894736847,3,0.040551638959834782,0.11010860970940682,0.91232324011798283,-0.1385073616260237,-0.0091704319125282003,1,0
Inflation,PCEPI,2,mid_month,month_end,Inflation Ridge-AR Ensemble,39,0,-0.46354923474689913,-0.13540739274802804,0.58974358974358976,3,0.2927488490212905,-1.5834365747179657,0.11332199219802241,-0.13332450119373296,-0.067567085679962169,0.58974358974358976,3,0.079433375675606419,-1.6784443574223704,0.093260384345032588,-0.21957079586974171,-0.097878732763305096,1,1
Inflation,PCEPI,3,month_end,pre_release,Inflation Ridge-AR Ensemble,40,0,-0.025974896433687961,0.023523574932787492,0.42499999999999999,3,0.093176742849053751,-0.27877016988850184,0.78042120826258832,0.031094520946638737,0.034663675822126705,0.42499999999999999,3,0.023578494594214301,1.3187661672967332,0.18724729828626829,0.20165336388926969,0.065754538077053407,0,1
Inflation,PCEPILFE,1,month_open,mid_month,Inflation Ridge-AR Ensemble,38,0,-0.036529402026769069,-0.019527339473243636,0.63157894736842102,3,0.040276362255295864,-0.90696875242167352,0.36442332166492242,-0.033243383909620589,-0.018613043075992541,0.63157894736842102,3,0.020114073318076874,-1.6527425044107884,0.09838327997021068,-0.096921102951980698,-0.034572016648712803,1,1
Inflation,PCEPILFE,2,mid_month,month_end,Inflation Ridge-AR Ensemble,39,0,-0.39236462624011931,-0.013129882875549153,0.53846153846153844,3,0.14977662999592084,-2.6196652057854775,0.0088016129016659228,-0.1287403601328713,-0.079128046813117248,0.53846153846153844,3,0.06986557421228462,-1.8426866390834671,0.065374775891900549,-0.23202315850132901,-0.068129053815591395,1,1
Inflation,PCEPILFE,3,month_end,pre_release,Inflation Ridge-AR Ensemble,40,0,-0.0093955056962509199,0.01946501677510782,0.375,3,0.023227689747631963,-0.40449591837727994,0.68584807873205267,0.0093143659882723717,0.012049451111534992,0.375,3,0.0093625485604374517,0.99485369054653761,0.31980742876259893,0.027128814234872001,0.0203072039876297,0,1
Labour,CES0500000003,1,month_open,after_week_1,Labour Equal-Weight Ensemble,41,0,-0.060353315677240504,-0.025208223804968455,0.56097560975609762,3,0.054661382188914399,-1.1041308005833863,0.26953640206343765,-0.021799936369596803,-0.011875858637548919,0.56097560975609762,3,0.023725661003397396,-0.91883367828930718,0.35818257397420439,-0.030787519839260799,-0.026126114344864799,1,1
Labour,CES0500000003,2,after_week_1,after_week_2,Labour Equal-Weight Ensemble,41,0,0.025988350382627538,0,0.48780487804878048,3,0.030250649538829003,0.85910057399823825,0.3902850306731287,0.002973997982998832,0,0.48780487804878048,3,0.014552104760328923,0.20436892339494198,0.83806521320642546,0.1934093517822458,0.097439808085602903,1,1
Labour,CES0500000003,3,after_week_2,month_end,Labour Equal-Weight Ensemble,41,0,0.029768732901658213,0.00036419701509540553,0.46341463414634149,3,0.038282129244298496,0.77761434615321934,0.43679640099443517,0.0076674989440509139,0.0033454777161856519,0.46341463414634149,3,0.013106191675435506,0.58502875083246719,0.55852838490497647,-0.12099900532298941,-0.041190495382175202,0,0
Labour,CES0500000003,4,month_end,pre_employment_report,Labour Equal-Weight Ensemble,38,3,-0.015349265188092397,0.00034495640681747597,0.44736842105263158,3,0.039169116380092434,-0.39187162250853347,0.69515307140816485,0.0037517756245979183,0.00064865466867480848,0.44736842105263158,3,0.017391371738463644,0.21572626248338422,0.82920112868803542,0.0395658603552679,-0.0026014148887984001,0,0
Labour,PAYEMS,1,month_open,after_week_1,Labour 12-Month Mean,41,0,-290.73052168021627,0,0.41463414634146339,3,317.52992603133816,-0.91560038234482199,0.35987653073515635,-2.8272357723577217,0,0.41463414634146339,3,1.5259794710946262,-1.8527351290837939,0.06392033229123073,9835.2158146694073,31.515190081132577,0,0
Labour,PAYEMS,2,after_week_1,after_week_2,Labour 12-Month Mean,41,0,-397.10941734417378,0,0.14634146341463414,3,489.63370569163544,-0.81103366195600068,0.41734633989068204,-1.2276422764227659,0,0.14634146341463414,3,1.5800560031156459,-0.77696124314709725,0.43718163668960286,2316.7619185795552,4.6301096368760959,0,0
Labour,PAYEMS,3,after_week_2,month_end,Labour 12-Month Mean,41,0,-42.989498644986512,0,0.12195121951219512,3,206.07890798050508,-0.20860698004597972,0.83475506116950893,-0.15853658536585383,0,0.12195121951219512,3,0.9734558580428273,-0.1628595524450365,0.87062901804309112,-5297.861116244806,-14.294520055375241,1,1
Labour,PAYEMS,4,month_end,pre_employment_report,Labour 12-Month Mean,38,3,-674.8581871345034,0,0.39473684210526316,3,427.92159837332503,-1.5770603533447902,0.1147816386353766,-1.6052631578947361,0,0.39473684210526316,3,1.7406188404809784,-0.92223703464634454,0.35640494931681133,-1637.8107034001162,2.6583007193863124,1,0
Labour,UNRATE,1,month_open,after_week_1,Labour AR(1),40,0,0.0023924051800569045,0,0.27500000000000002,3,0.0048228117352172003,0.49606024688607508,0.61985190531298229,0.00033988476182996721,0,0.27500000000000002,3,0.011845219497038503,0.028693833990576866,0.97710877410724972,-0.0055343651777133998,-0.0065922185285825999,0,0
Labour,UNRATE,2,after_week_1,after_week_2,Labour AR(1),40,0,-0.00018682438963265184,0,0.074999999999999997,3,0.00061004783974066465,-0.30624547365346316,0.75941775157324876,0.0014786994888848493,0,0.074999999999999997,3,0.0036778339469350965,0.40205716468442404,0.68764195641938031,0.0022854349401406999,0.0038074797867211998,0,1
Labour,UNRATE,3,after_week_2,month_end,Labour AR(1),40,0,-0.00073566615085661491,0,0.17499999999999999,3,0.0013880322649537727,-0.53000652033194318,0.59610741002033008,-0.0022711102787071223,0,0.17499999999999999,3,0.0068765014924682642,-0.33027118240207431,0.7411950654995263,-0.0019986880733619001,-0.00031908912518790002,1,1
Labour,UNRATE,4,month_end,pre_employment_report,Labour AR(1),37,3,-0.0033589360748221002,0,0.48648648648648651,3,0.0023509208754617212,-1.4287746175899709,0.1530690232072025,-0.007071424957904777,0,0.48648648648648651,3,0.0091306070186155403,-0.77447479050270263,0.43865007047084781,-0.0097184153328390005,-0.016319301491961501,1,1
