domain_name,target_series,stage_order,forecast_stage,selected_model,variant,n,covered,coverage,wilson_95_low,wilson_95_high,average_interval_width,mean_interval_score
GDP,GDPC1,1,early_quarter,Dynamic Factor Model,short_window,12,12,1,0.75750599334475921,1,6.9852573649857312,6.9852573649857312
GDP,GDPC1,1,early_quarter,Dynamic Factor Model,long_window,12,12,1,0.75750599334475921,1,6.7607011370286756,6.7607011370286756
GDP,GDPC1,2,after_month_1,Dynamic Factor Model,short_window,12,11,0.91666666666666663,0.64612008885888295,0.98513490559508288,6.639541075876906,7.4659603425151539
GDP,GDPC1,2,after_month_1,Dynamic Factor Model,long_window,12,12,1,0.75750599334475921,1,7.4067481667990762,7.4067481667990762
GDP,GDPC1,3,after_month_2,Bridge–DFM Ensemble,short_window,12,10,0.83333333333333337,0.55196913774702661,0.95303485781614627,7.3287805267558284,7.9496512776213351
GDP,GDPC1,3,after_month_2,Bridge–DFM Ensemble,long_window,12,12,1,0.75750599334475921,1,8.9787667431714961,8.9787667431714961
GDP,GDPC1,4,quarter_end,Rolling Bridge–DFM Ensemble,short_window,12,10,0.83333333333333337,0.55196913774702661,0.95303485781614627,7.4453700367899174,8.1469110072252473
GDP,GDPC1,4,quarter_end,Rolling Bridge–DFM Ensemble,long_window,12,12,1,0.75750599334475921,1,6.5568179958412287,6.5568179958412287
GDP,GDPC1,5,pre_advance_release,Dynamic Factor Model,short_window,12,11,0.91666666666666663,0.64612008885888295,0.98513490559508288,6.9919413515388014,7.6206117600459757
GDP,GDPC1,5,pre_advance_release,Dynamic Factor Model,long_window,12,12,1,0.75750599334475921,1,8.1666605900221771,8.1666605900221771
Inflation,CPIAUCSL,1,month_open,Inflation Ridge-AR Ensemble,short_memory,39,36,0.92307692307692313,0.79678928832045026,0.97349260469622034,8.8244897085999856,12.067138447742842
Inflation,CPIAUCSL,1,month_open,Inflation Ridge-AR Ensemble,long_memory,39,36,0.92307692307692313,0.79678928832045026,0.97349260469622034,9.2846374808302343,12.170488553616439
Inflation,CPIAUCSL,2,mid_month,Inflation Bridge Ridge,short_memory,40,34,0.84999999999999998,0.70927675633510301,0.92938812282679639,8.0615629034628533,11.472393705171974
Inflation,CPIAUCSL,2,mid_month,Inflation Bridge Ridge,long_memory,40,35,0.875,0.738878801611489,0.94540499749054596,8.7572163004907395,11.820441640756055
Inflation,CPIAUCSL,3,month_end,Inflation Bridge Ridge,short_memory,40,34,0.84999999999999998,0.70927675633510301,0.92938812282679639,8.1400383276611201,11.523675099417384
Inflation,CPIAUCSL,3,month_end,Inflation Bridge Ridge,long_memory,40,35,0.875,0.738878801611489,0.94540499749054596,8.7876756131491423,11.858264981566865
Inflation,CPIAUCSL,4,pre_release,Inflation Bridge Ridge,short_memory,40,34,0.84999999999999998,0.70927675633510301,0.92938812282679639,7.9848208862686478,11.493685553244541
Inflation,CPIAUCSL,4,pre_release,Inflation Bridge Ridge,long_memory,40,35,0.875,0.738878801611489,0.94540499749054596,8.6090409567823905,12.002119987991833
Inflation,CPILFESL,1,month_open,Inflation 12-Month Mean,short_memory,39,33,0.84615384615384615,0.70270536351073309,0.927525276230179,4.8926288150466712,5.7823914981949729
Inflation,CPILFESL,1,month_open,Inflation 12-Month Mean,long_memory,39,35,0.89743589743589747,0.76421145537143476,0.95938668655331627,5.3849829936925762,5.9121642502057039
Inflation,CPILFESL,2,mid_month,Inflation Ridge-AR Ensemble,short_memory,40,35,0.875,0.738878801611489,0.94540499749054596,4.1969728348124615,5.3083952687499103
Inflation,CPILFESL,2,mid_month,Inflation Ridge-AR Ensemble,long_memory,40,36,0.90000000000000002,0.76948224772477714,0.96042047131739361,4.6230779455478892,5.490368482782829
Inflation,CPILFESL,3,month_end,Inflation Ridge-AR Ensemble,short_memory,40,35,0.875,0.738878801611489,0.94540499749054596,4.2196371545543077,5.3102472898356021
Inflation,CPILFESL,3,month_end,Inflation Ridge-AR Ensemble,long_memory,40,37,0.92500000000000004,0.80135766475689463,0.9741639742254119,4.6636099505171176,5.4808246049233684
Inflation,CPILFESL,4,pre_release,Inflation Ridge-AR Ensemble,short_memory,40,35,0.875,0.738878801611489,0.94540499749054596,4.0988207858196049,5.3049195717441604
Inflation,CPILFESL,4,pre_release,Inflation Ridge-AR Ensemble,long_memory,40,36,0.90000000000000002,0.76948224772477714,0.96042047131739361,4.5662534123883534,5.4761595518566661
Inflation,PCEPI,1,month_open,Inflation Ridge-AR Ensemble,short_memory,38,35,0.92105263157894735,0.79200628542228535,0.97278540449301221,6.1730350739482063,7.4111908605178423
Inflation,PCEPI,1,month_open,Inflation Ridge-AR Ensemble,long_memory,38,35,0.92105263157894735,0.79200628542228535,0.97278540449301221,6.4185388355650534,7.4181886820416665
Inflation,PCEPI,2,mid_month,Inflation Bridge Ridge,short_memory,39,34,0.87179487179487181,0.7329425662025455,0.94397182463028617,6.4425044625946493,7.558673607035062
Inflation,PCEPI,2,mid_month,Inflation Bridge Ridge,long_memory,39,34,0.87179487179487181,0.7329425662025455,0.94397182463028617,6.8560226256606072,7.4872267935356609
Inflation,PCEPI,3,month_end,Inflation Bridge Ridge,short_memory,40,35,0.875,0.738878801611489,0.94540499749054596,6.3217972672645519,7.6106072085977043
Inflation,PCEPI,3,month_end,Inflation Bridge Ridge,long_memory,40,36,0.90000000000000002,0.76948224772477714,0.96042047131739361,6.7113692149344661,7.4505757951778921
Inflation,PCEPI,4,pre_release,Inflation Bridge Ridge,short_memory,40,36,0.90000000000000002,0.76948224772477714,0.96042047131739361,6.1784783017015608,7.5235913991937071
Inflation,PCEPI,4,pre_release,Inflation Bridge Ridge,long_memory,40,36,0.90000000000000002,0.76948224772477714,0.96042047131739361,6.5759017864072238,7.4660566695989958
Inflation,PCEPILFE,1,month_open,Inflation Bridge Ridge,short_memory,38,33,0.86842105263157898,0.72673140557708693,0.94246132309879871,5.0050166695652978,5.484536431126922
Inflation,PCEPILFE,1,month_open,Inflation Bridge Ridge,long_memory,38,33,0.86842105263157898,0.72673140557708693,0.94246132309879871,5.1100118617366856,5.5760043430935591
Inflation,PCEPILFE,2,mid_month,Inflation Ridge-AR Ensemble,short_memory,39,33,0.84615384615384615,0.70270536351073309,0.927525276230179,4.6672693316520544,5.2297642322324984
Inflation,PCEPILFE,2,mid_month,Inflation Ridge-AR Ensemble,long_memory,39,35,0.89743589743589747,0.76421145537143476,0.95938668655331627,4.8464137704020711,5.2641830639730331
Inflation,PCEPILFE,3,month_end,Inflation Bridge Ridge,short_memory,40,35,0.875,0.738878801611489,0.94540499749054596,4.1779872502047599,4.9506735279010359
Inflation,PCEPILFE,3,month_end,Inflation Bridge Ridge,long_memory,40,36,0.90000000000000002,0.76948224772477714,0.96042047131739361,4.4714738283329893,4.9695082130525305
Inflation,PCEPILFE,4,pre_release,Inflation Bridge Ridge,short_memory,40,35,0.875,0.738878801611489,0.94540499749054596,4.169042023879439,4.9127426357397308
Inflation,PCEPILFE,4,pre_release,Inflation Bridge Ridge,long_memory,40,36,0.90000000000000002,0.76948224772477714,0.96042047131739361,4.4090301760624655,4.8857563332243767
Labour,CES0500000003,1,month_open,Labour Bridge Ridge,short_memory,41,34,0.82926829268292679,0.68737387599595812,0.91474748022404995,4.4110361556316917,6.0800834783644877
Labour,CES0500000003,1,month_open,Labour Bridge Ridge,long_memory,41,37,0.90243902439024393,0.77452318694476618,0.96140291510191056,5.7414974038308042,6.0403451861311703
Labour,CES0500000003,2,after_week_1,Labour Bridge Ridge,short_memory,41,33,0.80487804878048785,0.65986414812936578,0.89765562614841976,4.3886617731638724,5.6817109706149989
Labour,CES0500000003,2,after_week_1,Labour Bridge Ridge,long_memory,41,37,0.90243902439024393,0.77452318694476618,0.96140291510191056,5.6953875003331165,6.0507429367651717
Labour,CES0500000003,3,after_week_2,Labour Bridge Ridge,short_memory,41,31,0.75609756097560976,0.60656663777424313,0.86174997261909669,4.3824199966449351,5.554089671942287
Labour,CES0500000003,3,after_week_2,Labour Bridge Ridge,long_memory,41,36,0.87804878048780488,0.74455788479023122,0.94676663531422278,5.7635020867801332,6.1248821703127359
Labour,CES0500000003,4,month_end,Labour Equal-Weight Ensemble,short_memory,41,34,0.82926829268292679,0.68737387599595812,0.91474748022404995,3.6062410230319886,4.462628029702592
Labour,CES0500000003,4,month_end,Labour Equal-Weight Ensemble,long_memory,41,38,0.92682926829268297,0.80572551462280961,0.9748021693660901,5.2158931113431883,5.4610349721487337
Labour,CES0500000003,5,pre_employment_report,Labour Equal-Weight Ensemble,short_memory,41,34,0.82926829268292679,0.68737387599595812,0.91474748022404995,3.5853954889627473,4.5087887567062825
Labour,CES0500000003,5,pre_employment_report,Labour Equal-Weight Ensemble,long_memory,41,38,0.92682926829268297,0.80572551462280961,0.9748021693660901,5.2361901973745173,5.4764157562381488
Labour,PAYEMS,1,month_open,Labour 12-Month Mean,short_memory,41,35,0.85365853658536583,0.71556541957519038,0.93115751858704066,316.67886178861784,396.41463414634148
Labour,PAYEMS,1,month_open,Labour 12-Month Mean,long_memory,41,39,0.95121951219512191,0.83861021129629143,0.98651905463483081,912.45528455284546,945.66666666666674
Labour,PAYEMS,2,after_week_1,Labour Bridge Ridge,short_memory,41,36,0.87804878048780488,0.74455788479023122,0.94676663531422278,625.35202719339657,708.52087743453376
Labour,PAYEMS,2,after_week_1,Labour Bridge Ridge,long_memory,41,38,0.92682926829268297,0.80572551462280961,0.9748021693660901,829.86944658087123,864.46044970983735
Labour,PAYEMS,3,after_week_2,Labour Factor Ridge,short_memory,41,35,0.85365853658536583,0.71556541957519038,0.93115751858704066,603.44356126297305,754.48036155079103
Labour,PAYEMS,3,after_week_2,Labour Factor Ridge,long_memory,41,37,0.90243902439024393,0.77452318694476618,0.96140291510191056,797.17259845881017,899.67673060680261
Labour,PAYEMS,4,month_end,Labour Bridge Ridge,short_memory,41,36,0.87804878048780488,0.74455788479023122,0.94676663531422278,564.53862969216834,717.99080560546122
Labour,PAYEMS,4,month_end,Labour Bridge Ridge,long_memory,41,37,0.90243902439024393,0.77452318694476618,0.96140291510191056,799.30874516394488,872.38497298123548
Labour,PAYEMS,5,pre_employment_report,Labour Bridge Ridge,short_memory,41,36,0.87804878048780488,0.74455788479023122,0.94676663531422278,497.9329557243596,634.4293621068191
Labour,PAYEMS,5,pre_employment_report,Labour Bridge Ridge,long_memory,41,38,0.92682926829268297,0.80572551462280961,0.9748021693660901,777.09664450696971,869.66865822166824
Labour,UNRATE,1,month_open,Labour AR(1),short_memory,40,36,0.90000000000000002,0.76948224772477714,0.96042047131739361,0.59376225535967908,0.61880224441319509
Labour,UNRATE,1,month_open,Labour AR(1),long_memory,40,40,1,0.91237839880271354,1,1.0890298755107515,1.0890298755107515
Labour,UNRATE,2,after_week_1,Labour Equal-Weight Ensemble,short_memory,40,30,0.75,0.59806038579231968,0.85812881360903703,0.78100311506568798,0.9284629524516218
Labour,UNRATE,2,after_week_1,Labour Equal-Weight Ensemble,long_memory,40,33,0.82499999999999996,0.68050009668212286,0.91254586253964076,0.8093124568940766,0.90252936784512128
Labour,UNRATE,3,after_week_2,Labour Equal-Weight Ensemble,short_memory,40,28,0.69999999999999996,0.54569981181855065,0.81925154770253472,0.78000574119933652,0.94399162431400385
Labour,UNRATE,3,after_week_2,Labour Equal-Weight Ensemble,long_memory,40,31,0.77500000000000002,0.62496903257689984,0.87683908676459266,0.79434354194051626,0.91546879696395533
Labour,UNRATE,4,month_end,Labour Equal-Weight Ensemble,short_memory,40,29,0.72499999999999998,0.57165044193789427,0.83891983752332666,0.77352558659574167,0.91344987340275152
Labour,UNRATE,4,month_end,Labour Equal-Weight Ensemble,long_memory,40,31,0.77500000000000002,0.62496903257689984,0.87683908676459266,0.79578853850974807,0.88888882698011495
Labour,UNRATE,5,pre_employment_report,Labour Equal-Weight Ensemble,short_memory,40,31,0.77500000000000002,0.62496903257689984,0.87683908676459266,0.72601156214677787,0.90327605525389676
Labour,UNRATE,5,pre_employment_report,Labour Equal-Weight Ensemble,long_memory,40,33,0.82499999999999996,0.68050009668212286,0.91254586253964076,0.74131763005810924,0.85814126146455005
