domain_name,target_series,transition_order,earlier_stage,later_stage,hac_p_value_squared_error_two_sided,test_family,raw_p,source,hac_p_value_abs_error_two_sided,stage_order,forecast_stage,hac_p_sq,hac_p_abs,p_uc,benchmark_method,hac_p_score_two_sided,holm_p,raw_sig_005,holm_sig_005
GDP,GDPC1,1,early_quarter,after_month_1,0.091870452875844402,H1_squared_error,0.091870452875844402,h1_information_gain_summary.csv,,,,,,,,,1,0,0
GDP,GDPC1,2,after_month_1,after_month_2,0.64075867640326511,H1_squared_error,0.64075867640326511,h1_information_gain_summary.csv,,,,,,,,,1,0,0
GDP,GDPC1,3,after_month_2,quarter_end,0.068132525835793198,H1_squared_error,0.068132525835793198,h1_information_gain_summary.csv,,,,,,,,,1,0,0
GDP,GDPC1,4,quarter_end,pre_advance_release,0.076951782067466099,H1_squared_error,0.076951782067466099,h1_information_gain_summary.csv,,,,,,,,,1,0,0
Inflation,CPIAUCSL,1,month_open,mid_month,0.3067764375590229,H1_squared_error,0.3067764375590229,h1_information_gain_summary.csv,,,,,,,,,1,0,0
Inflation,CPIAUCSL,2,mid_month,month_end,0.96819506209872142,H1_squared_error,0.96819506209872142,h1_information_gain_summary.csv,,,,,,,,,1,0,0
Inflation,CPIAUCSL,3,month_end,pre_release,0.43559669999170292,H1_squared_error,0.43559669999170292,h1_information_gain_summary.csv,,,,,,,,,1,0,0
Inflation,CPILFESL,1,month_open,mid_month,0.0136609165438805,H1_squared_error,0.0136609165438805,h1_information_gain_summary.csv,,,,,,,,,0.355183830140893,1,0
Inflation,CPILFESL,2,mid_month,month_end,0.5099360726510036,H1_squared_error,0.5099360726510036,h1_information_gain_summary.csv,,,,,,,,,1,0,0
Inflation,CPILFESL,3,month_end,pre_release,0.16724138581981221,H1_squared_error,0.16724138581981221,h1_information_gain_summary.csv,,,,,,,,,1,0,0
Inflation,PCEPI,1,month_open,mid_month,0.68745770854086785,H1_squared_error,0.68745770854086785,h1_information_gain_summary.csv,,,,,,,,,1,0,0
Inflation,PCEPI,2,mid_month,month_end,0.0471845100368639,H1_squared_error,0.0471845100368639,h1_information_gain_summary.csv,,,,,,,,,1,1,0
Inflation,PCEPI,3,month_end,pre_release,0.019473166041937599,H1_squared_error,0.019473166041937599,h1_information_gain_summary.csv,,,,,,,,,0.46735598500650238,1,0
Inflation,PCEPILFE,1,month_open,mid_month,0.23673848511217091,H1_squared_error,0.23673848511217091,h1_information_gain_summary.csv,,,,,,,,,1,0,0
Inflation,PCEPILFE,2,mid_month,month_end,0.0121221091401317,H1_squared_error,0.0121221091401317,h1_information_gain_summary.csv,,,,,,,,,0.32729694678355592,1,0
Inflation,PCEPILFE,3,month_end,pre_release,0.32968615361197301,H1_squared_error,0.32968615361197301,h1_information_gain_summary.csv,,,,,,,,,1,0,0
Labour,CES0500000003,1,month_open,after_week_1,0.8953148430589144,H1_squared_error,0.8953148430589144,h1_information_gain_summary.csv,,,,,,,,,1,0,0
Labour,CES0500000003,2,after_week_1,after_week_2,0.018619025428537599,H1_squared_error,0.018619025428537599,h1_information_gain_summary.csv,,,,,,,,,0.46547563571343997,1,0
Labour,CES0500000003,3,after_week_2,month_end,0.16306389423944459,H1_squared_error,0.16306389423944459,h1_information_gain_summary.csv,,,,,,,,,1,0,0
Labour,CES0500000003,4,month_end,pre_employment_report,0.73600689250715812,H1_squared_error,0.73600689250715812,h1_information_gain_summary.csv,,,,,,,,,1,0,0
Labour,PAYEMS,1,month_open,after_week_1,0.079282925042138699,H1_squared_error,0.079282925042138699,h1_information_gain_summary.csv,,,,,,,,,1,0,0
Labour,PAYEMS,2,after_week_1,after_week_2,0.52886898210809985,H1_squared_error,0.52886898210809985,h1_information_gain_summary.csv,,,,,,,,,1,0,0
Labour,PAYEMS,3,after_week_2,month_end,0.052332754878587198,H1_squared_error,0.052332754878587198,h1_information_gain_summary.csv,,,,,,,,,1,0,0
Labour,PAYEMS,4,month_end,pre_employment_report,0.59870675405850315,H1_squared_error,0.59870675405850315,h1_information_gain_summary.csv,,,,,,,,,1,0,0
Labour,UNRATE,1,month_open,after_week_1,0.41245300558797909,H1_squared_error,0.41245300558797909,h1_information_gain_summary.csv,,,,,,,,,1,0,0
Labour,UNRATE,2,after_week_1,after_week_2,0.1128365127965644,H1_squared_error,0.1128365127965644,h1_information_gain_summary.csv,,,,,,,,,1,0,0
Labour,UNRATE,3,after_week_2,month_end,0.2112764028335436,H1_squared_error,0.2112764028335436,h1_information_gain_summary.csv,,,,,,,,,1,0,0
Labour,UNRATE,4,month_end,pre_employment_report,0.0012551291527984,H1_squared_error,0.0012551291527984,h1_information_gain_summary.csv,,,,,,,,,0.035143616278355203,1,1
GDP,GDPC1,1,early_quarter,after_month_1,,H1_absolute_error,0.0265659610046344,h1_information_gain_summary.csv,0.0265659610046344,,,,,,,,0.66414902511585994,1,0
GDP,GDPC1,2,after_month_1,after_month_2,,H1_absolute_error,0.3600275101211316,h1_information_gain_summary.csv,0.3600275101211316,,,,,,,,1,0,0
GDP,GDPC1,3,after_month_2,quarter_end,,H1_absolute_error,0.016571396355890802,h1_information_gain_summary.csv,0.016571396355890802,,,,,,,,0.43085630525316082,1,0
GDP,GDPC1,4,quarter_end,pre_advance_release,,H1_absolute_error,0.070741065536511397,h1_information_gain_summary.csv,0.070741065536511397,,,,,,,,1,0,0
Inflation,CPIAUCSL,1,month_open,mid_month,,H1_absolute_error,0.42658389518734502,h1_information_gain_summary.csv,0.42658389518734502,,,,,,,,1,0,0
Inflation,CPIAUCSL,2,mid_month,month_end,,H1_absolute_error,0.57343480615335451,h1_information_gain_summary.csv,0.57343480615335451,,,,,,,,1,0,0
Inflation,CPIAUCSL,3,month_end,pre_release,,H1_absolute_error,0.039523617492354501,h1_information_gain_summary.csv,0.039523617492354501,,,,,,,,0.79047234984709003,1,0
Inflation,CPILFESL,1,month_open,mid_month,,H1_absolute_error,0.13282366930017631,h1_information_gain_summary.csv,0.13282366930017631,,,,,,,,1,0,0
Inflation,CPILFESL,2,mid_month,month_end,,H1_absolute_error,0.80933468626907568,h1_information_gain_summary.csv,0.80933468626907568,,,,,,,,1,0,0
Inflation,CPILFESL,3,month_end,pre_release,,H1_absolute_error,0.083894556599101597,h1_information_gain_summary.csv,0.083894556599101597,,,,,,,,1,0,0
Inflation,PCEPI,1,month_open,mid_month,,H1_absolute_error,0.91972370729221098,h1_information_gain_summary.csv,0.91972370729221098,,,,,,,,1,0,0
Inflation,PCEPI,2,mid_month,month_end,,H1_absolute_error,0.032633500014586897,h1_information_gain_summary.csv,0.032633500014586897,,,,,,,,0.75057050033549866,1,0
Inflation,PCEPI,3,month_end,pre_release,,H1_absolute_error,0.0286981432972537,h1_information_gain_summary.csv,0.0286981432972537,,,,,,,,0.68875543913408876,1,0
Inflation,PCEPILFE,1,month_open,mid_month,,H1_absolute_error,0.35358108468557148,h1_information_gain_summary.csv,0.35358108468557148,,,,,,,,1,0,0
Inflation,PCEPILFE,2,mid_month,month_end,,H1_absolute_error,0.061148641641265801,h1_information_gain_summary.csv,0.061148641641265801,,,,,,,,1,0,0
Inflation,PCEPILFE,3,month_end,pre_release,,H1_absolute_error,0.1931347365813223,h1_information_gain_summary.csv,0.1931347365813223,,,,,,,,1,0,0
Labour,CES0500000003,1,month_open,after_week_1,,H1_absolute_error,0.6999449972042866,h1_information_gain_summary.csv,0.6999449972042866,,,,,,,,1,0,0
Labour,CES0500000003,2,after_week_1,after_week_2,,H1_absolute_error,0.0046412242014873999,h1_information_gain_summary.csv,0.0046412242014873999,,,,,,,,0.12531305344015981,1,0
Labour,CES0500000003,3,after_week_2,month_end,,H1_absolute_error,0.061508006397870997,h1_information_gain_summary.csv,0.061508006397870997,,,,,,,,1,0,0
Labour,CES0500000003,4,month_end,pre_employment_report,,H1_absolute_error,0.95745675946018405,h1_information_gain_summary.csv,0.95745675946018405,,,,,,,,1,0,0
Labour,PAYEMS,1,month_open,after_week_1,,H1_absolute_error,0.037451722056158897,h1_information_gain_summary.csv,0.037451722056158897,,,,,,,,0.78648616317933684,1,0
Labour,PAYEMS,2,after_week_1,after_week_2,,H1_absolute_error,0.53130352787449642,h1_information_gain_summary.csv,0.53130352787449642,,,,,,,,1,0,0
Labour,PAYEMS,3,after_week_2,month_end,,H1_absolute_error,0.032905123882098902,h1_information_gain_summary.csv,0.032905123882098902,,,,,,,,0.75057050033549866,1,0
Labour,PAYEMS,4,month_end,pre_employment_report,,H1_absolute_error,0.74369651418870575,h1_information_gain_summary.csv,0.74369651418870575,,,,,,,,1,0,0
Labour,UNRATE,1,month_open,after_week_1,,H1_absolute_error,0.52400300658573495,h1_information_gain_summary.csv,0.52400300658573495,,,,,,,,1,0,0
Labour,UNRATE,2,after_week_1,after_week_2,,H1_absolute_error,0.28199916248355622,h1_information_gain_summary.csv,0.28199916248355622,,,,,,,,1,0,0
Labour,UNRATE,3,after_week_2,month_end,,H1_absolute_error,0.8947613931510181,h1_information_gain_summary.csv,0.8947613931510181,,,,,,,,1,0,0
Labour,UNRATE,4,month_end,pre_employment_report,,H1_absolute_error,0.0013815542971051,h1_information_gain_summary.csv,0.0013815542971051,,,,,,,,0.038683520318942802,1,1
GDP,GDPC1,,,,0.65642300344512627,H2_squared_error_informative_cells,0.65642300344512627,h2_stage_policy_summary.csv,,3,after_month_2,,,,,,1,0,0
GDP,GDPC1,,,,0.1173408485888791,H2_squared_error_informative_cells,0.1173408485888791,h2_stage_policy_summary.csv,,4,quarter_end,,,,,,0.82138594012215371,0,0
Inflation,CPIAUCSL,,,,0.34415994419643781,H2_squared_error_informative_cells,0.34415994419643781,h2_stage_policy_summary.csv,,1,month_open,,,,,,1,0,0
Inflation,CPILFESL,,,,0.31836274292940842,H2_squared_error_informative_cells,0.31836274292940842,h2_stage_policy_summary.csv,,1,month_open,,,,,,1,0,0
Inflation,PCEPI,,,,0.64151574475572914,H2_squared_error_informative_cells,0.64151574475572914,h2_stage_policy_summary.csv,,1,month_open,,,,,,1,0,0
Inflation,PCEPILFE,,,,0.79785221258110273,H2_squared_error_informative_cells,0.79785221258110273,h2_stage_policy_summary.csv,,2,mid_month,,,,,,1,0,0
Labour,CES0500000003,,,,0.0011846215669230999,H2_squared_error_informative_cells,0.0011846215669230999,h2_stage_policy_summary.csv,,4,month_end,,,,,,0.010661594102307898,1,1
Labour,CES0500000003,,,,0.0003637289122804,H2_squared_error_informative_cells,0.0003637289122804,h2_stage_policy_summary.csv,,5,pre_employment_report,,,,,,0.0036372891228039998,1,1
Labour,PAYEMS,,,,0.0092056262031936006,H2_squared_error_informative_cells,0.0092056262031936006,h2_stage_policy_summary.csv,,1,month_open,,,,,,0.073645009625548805,1,0
Labour,PAYEMS,,,,0.3345153465414028,H2_squared_error_informative_cells,0.3345153465414028,h2_stage_policy_summary.csv,,3,after_week_2,,,,,,1,0,0
Labour,UNRATE,,,,3.9006295659227419e-05,H2_squared_error_informative_cells,3.9006295659227419e-05,h2_stage_policy_summary.csv,,1,month_open,,,,,,0.00042906925225150161,1,1
GDP,GDPC1,,,,,H2_absolute_error_informative_cells,0.51135736124296327,h2_stage_policy_summary.csv,0.51135736124296327,3,after_month_2,,,,,,1,0,0
GDP,GDPC1,,,,,H2_absolute_error_informative_cells,0.057932740429732899,h2_stage_policy_summary.csv,0.057932740429732899,4,quarter_end,,,,,,0.40552918300813029,0,0
Inflation,CPIAUCSL,,,,,H2_absolute_error_informative_cells,0.25430531233612269,h2_stage_policy_summary.csv,0.25430531233612269,1,month_open,,,,,,1,0,0
Inflation,CPILFESL,,,,,H2_absolute_error_informative_cells,0.090785451858419006,h2_stage_policy_summary.csv,0.090785451858419006,1,month_open,,,,,,0.54471271115051401,0,0
Inflation,PCEPI,,,,,H2_absolute_error_informative_cells,0.59317450211326606,h2_stage_policy_summary.csv,0.59317450211326606,1,month_open,,,,,,1,0,0
Inflation,PCEPILFE,,,,,H2_absolute_error_informative_cells,0.76337238203646696,h2_stage_policy_summary.csv,0.76337238203646696,2,mid_month,,,,,,1,0,0
Labour,CES0500000003,,,,,H2_absolute_error_informative_cells,0.013069640152223399,h2_stage_policy_summary.csv,0.013069640152223399,4,month_end,,,,,,0.10455712121778719,1,0
Labour,CES0500000003,,,,,H2_absolute_error_informative_cells,0.0064273696592809003,h2_stage_policy_summary.csv,0.0064273696592809003,5,pre_employment_report,,,,,,0.064273696592809001,1,0
Labour,PAYEMS,,,,,H2_absolute_error_informative_cells,0.0080310632992115008,h2_stage_policy_summary.csv,0.0080310632992115008,1,month_open,,,,,,0.0722795696929035,1,0
Labour,PAYEMS,,,,,H2_absolute_error_informative_cells,0.18887556830140359,h2_stage_policy_summary.csv,0.18887556830140359,3,after_week_2,,,,,,0.94437784150701798,0,0
Labour,UNRATE,,,,,H2_absolute_error_informative_cells,2.2210830565860817e-06,h2_stage_policy_summary.csv,2.2210830565860817e-06,1,month_open,,,,,,2.4431913622446899e-05,1,1
GDP,GDPC1,,,,,H3_target_squared_error,0.1015867846813187,h3_vintage_target_summary.csv,,,,0.1015867846813187,,,,,0.71110749276923091,0,0
Inflation,CPIAUCSL,,,,,H3_target_squared_error,0.41070584501363688,h3_vintage_target_summary.csv,,,,0.41070584501363688,,,,,1,0,0
Inflation,CPILFESL,,,,,H3_target_squared_error,0.17269515762947171,h3_vintage_target_summary.csv,,,,0.17269515762947171,,,,,1,0,0
Inflation,PCEPI,,,,,H3_target_squared_error,0.22340753728448429,h3_vintage_target_summary.csv,,,,0.22340753728448429,,,,,1,0,0
Inflation,PCEPILFE,,,,,H3_target_squared_error,0.23503858811972919,h3_vintage_target_summary.csv,,,,0.23503858811972919,,,,,1,0,0
Labour,CES0500000003,,,,,H3_target_squared_error,0.28510543584404541,h3_vintage_target_summary.csv,,,,0.28510543584404541,,,,,1,0,0
Labour,PAYEMS,,,,,H3_target_squared_error,0.45635172451081552,h3_vintage_target_summary.csv,,,,0.45635172451081552,,,,,1,0,0
Labour,UNRATE,,,,,H3_target_squared_error,1.4633416367537677e-07,h3_vintage_target_summary.csv,,,,1.4633416367537677e-07,,,,,1.1706733094030142e-06,1,1
GDP,GDPC1,,,,,H3_target_absolute_error,0.6492510306781345,h3_vintage_target_summary.csv,,,,,0.6492510306781345,,,,0.96699193215204982,0,0
Inflation,CPIAUCSL,,,,,H3_target_absolute_error,0.48349596607602491,h3_vintage_target_summary.csv,,,,,0.48349596607602491,,,,0.96699193215204982,0,0
Inflation,CPILFESL,,,,,H3_target_absolute_error,0.062819899956182201,h3_vintage_target_summary.csv,,,,,0.062819899956182201,,,,0.37691939973709321,0,0
Inflation,PCEPI,,,,,H3_target_absolute_error,0.066671369004525902,h3_vintage_target_summary.csv,,,,,0.066671369004525902,,,,0.37691939973709321,0,0
Inflation,PCEPILFE,,,,,H3_target_absolute_error,0.048682984253219701,h3_vintage_target_summary.csv,,,,,0.048682984253219701,,,,0.3407808897725379,1,0
Labour,CES0500000003,,,,,H3_target_absolute_error,0.26956602761381998,h3_vintage_target_summary.csv,,,,,0.26956602761381998,,,,0.80869808284145994,0,0
Labour,PAYEMS,,,,,H3_target_absolute_error,0.18116686315204769,h3_vintage_target_summary.csv,,,,,0.18116686315204769,,,,0.72466745260819077,0,0
Labour,UNRATE,,,,,H3_target_absolute_error,2.1949875614879488e-06,h3_vintage_target_summary.csv,,,,,2.1949875614879488e-06,,,,1.7559900491903591e-05,1,1
GDP,GDPC1,,,,,H4_primary_unconditional_coverage,0.020657659135622002,h4_interval_summary.csv,,1,early_quarter,,,0.020657659135622002,,,0.72301806974677008,1,0
GDP,GDPC1,,,,,H4_primary_unconditional_coverage,0.020657659135622002,h4_interval_summary.csv,,2,after_month_1,,,0.020657659135622002,,,0.72301806974677008,1,0
GDP,GDPC1,,,,,H4_primary_unconditional_coverage,0.020657659135622002,h4_interval_summary.csv,,3,after_month_2,,,0.020657659135622002,,,0.72301806974677008,1,0
GDP,GDPC1,,,,,H4_primary_unconditional_coverage,0.020657659135622002,h4_interval_summary.csv,,4,quarter_end,,,0.020657659135622002,,,0.72301806974677008,1,0
GDP,GDPC1,,,,,H4_primary_unconditional_coverage,0.020657659135622002,h4_interval_summary.csv,,5,pre_advance_release,,,0.020657659135622002,,,0.72301806974677008,1,0
Inflation,CPIAUCSL,,,,,H4_primary_unconditional_coverage,0.032532917643595199,h4_interval_summary.csv,,1,month_open,,,0.032532917643595199,,,0.94345461166426081,1,0
Inflation,CPIAUCSL,,,,,H4_primary_unconditional_coverage,0.41295072231710861,h4_interval_summary.csv,,2,mid_month,,,0.41295072231710861,,,1,0,0
Inflation,CPIAUCSL,,,,,H4_primary_unconditional_coverage,0.2097987046721094,h4_interval_summary.csv,,3,month_end,,,0.2097987046721094,,,1,0,0
Inflation,CPIAUCSL,,,,,H4_primary_unconditional_coverage,0.41295072231710861,h4_interval_summary.csv,,4,pre_release,,,0.41295072231710861,,,1,0,0
Inflation,CPILFESL,,,,,H4_primary_unconditional_coverage,0.2371884111631743,h4_interval_summary.csv,,1,month_open,,,0.2371884111631743,,,1,0,0
Inflation,CPILFESL,,,,,H4_primary_unconditional_coverage,0.2097987046721094,h4_interval_summary.csv,,2,mid_month,,,0.2097987046721094,,,1,0,0
Inflation,CPILFESL,,,,,H4_primary_unconditional_coverage,0.086667868265458206,h4_interval_summary.csv,,3,month_end,,,0.086667868265458206,,,1,0,0
Inflation,CPILFESL,,,,,H4_primary_unconditional_coverage,0.2097987046721094,h4_interval_summary.csv,,4,pre_release,,,0.2097987046721094,,,1,0,0
Inflation,PCEPI,,,,,H4_primary_unconditional_coverage,0.038423719999578797,h4_interval_summary.csv,,1,month_open,,,0.038423719999578797,,,1,1,0
Inflation,PCEPI,,,,,H4_primary_unconditional_coverage,0.2371884111631743,h4_interval_summary.csv,,2,mid_month,,,0.2371884111631743,,,1,0,0
Inflation,PCEPI,,,,,H4_primary_unconditional_coverage,0.086667868265458206,h4_interval_summary.csv,,3,month_end,,,0.086667868265458206,,,1,0,0
Inflation,PCEPI,,,,,H4_primary_unconditional_coverage,0.086667868265458206,h4_interval_summary.csv,,4,pre_release,,,0.086667868265458206,,,1,0,0
Inflation,PCEPILFE,,,,,H4_primary_unconditional_coverage,0.2675658763378686,h4_interval_summary.csv,,1,month_open,,,0.2675658763378686,,,1,0,0
Inflation,PCEPILFE,,,,,H4_primary_unconditional_coverage,0.2371884111631743,h4_interval_summary.csv,,2,mid_month,,,0.2371884111631743,,,1,0,0
Inflation,PCEPILFE,,,,,H4_primary_unconditional_coverage,0.2097987046721094,h4_interval_summary.csv,,3,month_end,,,0.2097987046721094,,,1,0,0
Inflation,PCEPILFE,,,,,H4_primary_unconditional_coverage,0.086667868265458206,h4_interval_summary.csv,,4,pre_release,,,0.086667868265458206,,,1,0,0
Labour,CES0500000003,,,,,H4_primary_unconditional_coverage,0.37233044465755499,h4_interval_summary.csv,,1,month_open,,,0.37233044465755499,,,1,0,0
Labour,CES0500000003,,,,,H4_primary_unconditional_coverage,0.37233044465755499,h4_interval_summary.csv,,2,after_week_1,,,0.37233044465755499,,,1,0,0
Labour,CES0500000003,,,,,H4_primary_unconditional_coverage,0.93756732783819363,h4_interval_summary.csv,,3,after_week_2,,,0.93756732783819363,,,1,0,0
Labour,CES0500000003,,,,,H4_primary_unconditional_coverage,0.37233044465755499,h4_interval_summary.csv,,4,month_end,,,0.37233044465755499,,,1,0,0
Labour,CES0500000003,,,,,H4_primary_unconditional_coverage,0.37233044465755499,h4_interval_summary.csv,,5,pre_employment_report,,,0.37233044465755499,,,1,0,0
Labour,PAYEMS,,,,,H4_primary_unconditional_coverage,0.1851807836078016,h4_interval_summary.csv,,1,month_open,,,0.1851807836078016,,,1,0,0
Labour,PAYEMS,,,,,H4_primary_unconditional_coverage,0.023234999628128999,h4_interval_summary.csv,,2,after_week_1,,,0.023234999628128999,,,0.72301806974677008,1,0
Labour,PAYEMS,,,,,H4_primary_unconditional_coverage,0.074842038193486504,h4_interval_summary.csv,,3,after_week_2,,,0.074842038193486504,,,1,0,0
Labour,PAYEMS,,,,,H4_primary_unconditional_coverage,0.074842038193486504,h4_interval_summary.csv,,4,month_end,,,0.074842038193486504,,,1,0,0
Labour,PAYEMS,,,,,H4_primary_unconditional_coverage,0.074842038193486504,h4_interval_summary.csv,,5,pre_employment_report,,,0.074842038193486504,,,1,0,0
Labour,UNRATE,,,,,H4_primary_unconditional_coverage,0.00078705050473450004,h4_interval_summary.csv,,1,month_open,,,0.00078705050473450004,,,0.028333818170442001,1,1
Labour,UNRATE,,,,,H4_primary_unconditional_coverage,0.69693945116184741,h4_interval_summary.csv,,2,after_week_1,,,0.69693945116184741,,,1,0,0
Labour,UNRATE,,,,,H4_primary_unconditional_coverage,0.44220274536238791,h4_interval_summary.csv,,3,after_week_2,,,0.44220274536238791,,,1,0,0
Labour,UNRATE,,,,,H4_primary_unconditional_coverage,0.44220274536238791,h4_interval_summary.csv,,4,month_end,,,0.44220274536238791,,,1,0,0
Labour,UNRATE,,,,,H4_primary_unconditional_coverage,1,h4_interval_summary.csv,,5,pre_employment_report,,,1,,,1,0,0
GDP,GDPC1,,,,,H4_primary_vs_gaussian_interval_score,1.1586287484988134e-12,h4_interval_method_comparisons.csv,,1,early_quarter,,,,gaussian_rmse,1.1586287484988134e-12,4.1710634945957281e-11,1,1
GDP,GDPC1,,,,,H4_primary_vs_gaussian_interval_score,3.6786686876677521e-06,h4_interval_method_comparisons.csv,,2,after_month_1,,,,gaussian_rmse,3.6786686876677521e-06,0.00011403872931770032,1,1
GDP,GDPC1,,,,,H4_primary_vs_gaussian_interval_score,7.6424499217964126e-07,h4_interval_method_comparisons.csv,,3,after_month_2,,,,gaussian_rmse,7.6424499217964126e-07,2.5220084741928162e-05,1,1
GDP,GDPC1,,,,,H4_primary_vs_gaussian_interval_score,1.2914231906080431e-09,h4_interval_method_comparisons.csv,,4,quarter_end,,,,gaussian_rmse,1.2914231906080431e-09,4.5199811671281509e-08,1,1
GDP,GDPC1,,,,,H4_primary_vs_gaussian_interval_score,1.9452558674970533e-06,h4_interval_method_comparisons.csv,,5,pre_advance_release,,,,gaussian_rmse,1.9452558674970533e-06,6.2248187759905704e-05,1,1
Inflation,CPIAUCSL,,,,,H4_primary_vs_gaussian_interval_score,0.037334720313976,h4_interval_method_comparisons.csv,,1,month_open,,,,gaussian_rmse,0.037334720313976,0.410681923453736,1,0
Inflation,CPIAUCSL,,,,,H4_primary_vs_gaussian_interval_score,0.76244998894085803,h4_interval_method_comparisons.csv,,2,mid_month,,,,gaussian_rmse,0.76244998894085803,1,0,0
Inflation,CPIAUCSL,,,,,H4_primary_vs_gaussian_interval_score,0.66623793064970793,h4_interval_method_comparisons.csv,,3,month_end,,,,gaussian_rmse,0.66623793064970793,1,0,0
Inflation,CPIAUCSL,,,,,H4_primary_vs_gaussian_interval_score,0.67096350845656105,h4_interval_method_comparisons.csv,,4,pre_release,,,,gaussian_rmse,0.67096350845656105,1,0,0
Inflation,CPILFESL,,,,,H4_primary_vs_gaussian_interval_score,3.5057695990658999e-07,h4_interval_method_comparisons.csv,,1,month_open,,,,gaussian_rmse,3.5057695990658999e-07,1.191961663682406e-05,1,1
Inflation,CPILFESL,,,,,H4_primary_vs_gaussian_interval_score,0.0024922717333128999,h4_interval_method_comparisons.csv,,2,mid_month,,,,gaussian_rmse,0.0024922717333128999,0.049845434666258001,1,1
Inflation,CPILFESL,,,,,H4_primary_vs_gaussian_interval_score,0.0021184982522455,h4_interval_method_comparisons.csv,,3,month_end,,,,gaussian_rmse,0.0021184982522455,0.045934378181131205,1,1
Inflation,CPILFESL,,,,,H4_primary_vs_gaussian_interval_score,0.0144765593956042,h4_interval_method_comparisons.csv,,4,pre_release,,,,gaussian_rmse,0.0144765593956042,0.1737187127472504,1,0
Inflation,PCEPI,,,,,H4_primary_vs_gaussian_interval_score,0.0094939984757419996,h4_interval_method_comparisons.csv,,1,month_open,,,,gaussian_rmse,0.0094939984757419996,0.14818573609376801,1,0
Inflation,PCEPI,,,,,H4_primary_vs_gaussian_interval_score,0.076642214030820693,h4_interval_method_comparisons.csv,,2,mid_month,,,,gaussian_rmse,0.076642214030820693,0.68977992627738627,0,0
Inflation,PCEPI,,,,,H4_primary_vs_gaussian_interval_score,0.75186024802156259,h4_interval_method_comparisons.csv,,3,month_end,,,,gaussian_rmse,0.75186024802156259,1,0,0
Inflation,PCEPI,,,,,H4_primary_vs_gaussian_interval_score,0.50444664381310722,h4_interval_method_comparisons.csv,,4,pre_release,,,,gaussian_rmse,0.50444664381310722,1,0,0
Inflation,PCEPILFE,,,,,H4_primary_vs_gaussian_interval_score,0.89943577182208356,h4_interval_method_comparisons.csv,,1,month_open,,,,gaussian_rmse,0.89943577182208356,1,0,0
Inflation,PCEPILFE,,,,,H4_primary_vs_gaussian_interval_score,0.048147041634026999,h4_interval_method_comparisons.csv,,2,mid_month,,,,gaussian_rmse,0.048147041634026999,0.48147041634026999,1,0
Inflation,PCEPILFE,,,,,H4_primary_vs_gaussian_interval_score,0.16445043760754929,h4_interval_method_comparisons.csv,,3,month_end,,,,gaussian_rmse,0.16445043760754929,1,0,0
Inflation,PCEPILFE,,,,,H4_primary_vs_gaussian_interval_score,0.17081198906180939,h4_interval_method_comparisons.csv,,4,pre_release,,,,gaussian_rmse,0.17081198906180939,1,0,0
Labour,CES0500000003,,,,,H4_primary_vs_gaussian_interval_score,0.0010346440470483001,h4_interval_method_comparisons.csv,,1,month_open,,,,gaussian_rmse,0.0010346440470483001,0.0276020483290551,1,1
Labour,CES0500000003,,,,,H4_primary_vs_gaussian_interval_score,0.0019919690819865002,h4_interval_method_comparisons.csv,,2,after_week_1,,,,gaussian_rmse,0.0019919690819865002,0.045934378181131205,1,1
Labour,CES0500000003,,,,,H4_primary_vs_gaussian_interval_score,0.0053371822957580996,h4_interval_method_comparisons.csv,,3,after_week_2,,,,gaussian_rmse,0.0053371822957580996,0.10140646361940389,1,0
Labour,CES0500000003,,,,,H4_primary_vs_gaussian_interval_score,0.0020824490143946002,h4_interval_method_comparisons.csv,,4,month_end,,,,gaussian_rmse,0.0020824490143946002,0.045934378181131205,1,1
Labour,CES0500000003,,,,,H4_primary_vs_gaussian_interval_score,0.0019139324242138001,h4_interval_method_comparisons.csv,,5,pre_employment_report,,,,gaussian_rmse,0.0019139324242138001,0.045934378181131205,1,1
Labour,PAYEMS,,,,,H4_primary_vs_gaussian_interval_score,0.0010479732829127,h4_interval_method_comparisons.csv,,1,month_open,,,,gaussian_rmse,0.0010479732829127,0.0276020483290551,1,1
Labour,PAYEMS,,,,,H4_primary_vs_gaussian_interval_score,0.00066450990549779998,h4_interval_method_comparisons.csv,,2,after_week_1,,,,gaussian_rmse,0.00066450990549779998,0.019270787259436199,1,1
Labour,PAYEMS,,,,,H4_primary_vs_gaussian_interval_score,0.0064549250549874003,h4_interval_method_comparisons.csv,,3,after_week_2,,,,gaussian_rmse,0.0064549250549874003,0.11618865098977321,1,0
Labour,PAYEMS,,,,,H4_primary_vs_gaussian_interval_score,0.0010222980862613,h4_interval_method_comparisons.csv,,4,month_end,,,,gaussian_rmse,0.0010222980862613,0.0276020483290551,1,1
Labour,PAYEMS,,,,,H4_primary_vs_gaussian_interval_score,0.00094002640464499996,h4_interval_method_comparisons.csv,,5,pre_employment_report,,,,gaussian_rmse,0.00094002640464499996,0.026320739330059999,1,1
Labour,UNRATE,,,,,H4_primary_vs_gaussian_interval_score,0.00017289942002779999,h4_interval_method_comparisons.csv,,1,month_open,,,,gaussian_rmse,0.00017289942002779999,0.0051869826008339994,1,1
Labour,UNRATE,,,,,H4_primary_vs_gaussian_interval_score,0.0067459128004426997,h4_interval_method_comparisons.csv,,2,after_week_1,,,,gaussian_rmse,0.0067459128004426997,0.11618865098977321,1,0
Labour,UNRATE,,,,,H4_primary_vs_gaussian_interval_score,0.0097769240253195999,h4_interval_method_comparisons.csv,,3,after_week_2,,,,gaussian_rmse,0.0097769240253195999,0.14818573609376801,1,0
Labour,UNRATE,,,,,H4_primary_vs_gaussian_interval_score,0.0092616085058605004,h4_interval_method_comparisons.csv,,4,month_end,,,,gaussian_rmse,0.0092616085058605004,0.14818573609376801,1,0
Labour,UNRATE,,,,,H4_primary_vs_gaussian_interval_score,0.0099155317219937998,h4_interval_method_comparisons.csv,,5,pre_employment_report,,,,gaussian_rmse,0.0099155317219937998,0.14818573609376801,1,0
Inflation,CPIAUCSL,,,,,H4_primary_vs_rolling_interval_score,0.35977243136953208,h4_interval_method_comparisons.csv,,1,month_open,,,,rolling_q80,0.35977243136953208,1,0,0
Inflation,CPIAUCSL,,,,,H4_primary_vs_rolling_interval_score,0.91546326083221441,h4_interval_method_comparisons.csv,,2,mid_month,,,,rolling_q80,0.91546326083221441,1,0,0
Inflation,CPIAUCSL,,,,,H4_primary_vs_rolling_interval_score,0.84302952211829463,h4_interval_method_comparisons.csv,,3,month_end,,,,rolling_q80,0.84302952211829463,1,0,0
Inflation,CPIAUCSL,,,,,H4_primary_vs_rolling_interval_score,0.95553054951386718,h4_interval_method_comparisons.csv,,4,pre_release,,,,rolling_q80,0.95553054951386718,1,0,0
Inflation,CPILFESL,,,,,H4_primary_vs_rolling_interval_score,0.1686233507074068,h4_interval_method_comparisons.csv,,1,month_open,,,,rolling_q80,0.1686233507074068,1,0,0
Inflation,CPILFESL,,,,,H4_primary_vs_rolling_interval_score,0.0077051715789466001,h4_interval_method_comparisons.csv,,2,mid_month,,,,rolling_q80,0.0077051715789466001,0.16180860315787859,1,0
Inflation,CPILFESL,,,,,H4_primary_vs_rolling_interval_score,0.0020725054743054999,h4_interval_method_comparisons.csv,,3,month_end,,,,rolling_q80,0.0020725054743054999,0.047667625909026498,1,1
Inflation,CPILFESL,,,,,H4_primary_vs_rolling_interval_score,0.039691951798289597,h4_interval_method_comparisons.csv,,4,pre_release,,,,rolling_q80,0.039691951798289597,0.75414708416750231,1,0
Inflation,PCEPI,,,,,H4_primary_vs_rolling_interval_score,0.71103283172767329,h4_interval_method_comparisons.csv,,1,month_open,,,,rolling_q80,0.71103283172767329,1,0,0
Inflation,PCEPI,,,,,H4_primary_vs_rolling_interval_score,0.46274774172435418,h4_interval_method_comparisons.csv,,2,mid_month,,,,rolling_q80,0.46274774172435418,1,0,0
Inflation,PCEPI,,,,,H4_primary_vs_rolling_interval_score,0.54871811195670439,h4_interval_method_comparisons.csv,,3,month_end,,,,rolling_q80,0.54871811195670439,1,0,0
Inflation,PCEPI,,,,,H4_primary_vs_rolling_interval_score,0.96576678170210084,h4_interval_method_comparisons.csv,,4,pre_release,,,,rolling_q80,0.96576678170210084,1,0,0
Inflation,PCEPILFE,,,,,H4_primary_vs_rolling_interval_score,0.86998436585254746,h4_interval_method_comparisons.csv,,1,month_open,,,,rolling_q80,0.86998436585254746,1,0,0
Inflation,PCEPILFE,,,,,H4_primary_vs_rolling_interval_score,0.39272188421121429,h4_interval_method_comparisons.csv,,2,mid_month,,,,rolling_q80,0.39272188421121429,1,0,0
Inflation,PCEPILFE,,,,,H4_primary_vs_rolling_interval_score,0.8791602344842433,h4_interval_method_comparisons.csv,,3,month_end,,,,rolling_q80,0.8791602344842433,1,0,0
Inflation,PCEPILFE,,,,,H4_primary_vs_rolling_interval_score,0.78289400152609323,h4_interval_method_comparisons.csv,,4,pre_release,,,,rolling_q80,0.78289400152609323,1,0,0
Labour,CES0500000003,,,,,H4_primary_vs_rolling_interval_score,0.00032654400989959998,h4_interval_method_comparisons.csv,,1,month_open,,,,rolling_q80,0.00032654400989959998,0.0091432322771887991,1,1
Labour,CES0500000003,,,,,H4_primary_vs_rolling_interval_score,0.0046456363882190002,h4_interval_method_comparisons.csv,,2,after_week_1,,,,rolling_q80,0.0046456363882190002,0.102204000540818,1,0
Labour,CES0500000003,,,,,H4_primary_vs_rolling_interval_score,0.010327136764199701,h4_interval_method_comparisons.csv,,3,after_week_2,,,,rolling_q80,0.010327136764199701,0.20654273528399403,1,0
Labour,CES0500000003,,,,,H4_primary_vs_rolling_interval_score,0.00035472587918309998,h4_interval_method_comparisons.csv,,4,month_end,,,,rolling_q80,0.00035472587918309998,0.0095775987379436989,1,1
Labour,CES0500000003,,,,,H4_primary_vs_rolling_interval_score,0.0002580565540921,h4_interval_method_comparisons.csv,,5,pre_employment_report,,,,rolling_q80,0.0002580565540921,0.0077416966227630002,1,1
Labour,PAYEMS,,,,,H4_primary_vs_rolling_interval_score,0.00026948873184610002,h4_interval_method_comparisons.csv,,1,month_open,,,,rolling_q80,0.00026948873184610002,0.0078151732235369007,1,1
Labour,PAYEMS,,,,,H4_primary_vs_rolling_interval_score,0.0010309932261101001,h4_interval_method_comparisons.csv,,2,after_week_1,,,,rolling_q80,0.0010309932261101001,0.0268058238788626,1,1
Labour,PAYEMS,,,,,H4_primary_vs_rolling_interval_score,0.040047205145273997,h4_interval_method_comparisons.csv,,3,after_week_2,,,,rolling_q80,0.040047205145273997,0.75414708416750231,1,0
Labour,PAYEMS,,,,,H4_primary_vs_rolling_interval_score,0.0013930552273930001,h4_interval_method_comparisons.csv,,4,month_end,,,,rolling_q80,0.0013930552273930001,0.034826380684824999,1,1
Labour,PAYEMS,,,,,H4_primary_vs_rolling_interval_score,0.0017745825622612001,h4_interval_method_comparisons.csv,,5,pre_employment_report,,,,rolling_q80,0.0017745825622612001,0.042589981494268805,1,1
Labour,UNRATE,,,,,H4_primary_vs_rolling_interval_score,2.8919941907901148e-07,h4_interval_method_comparisons.csv,,1,month_open,,,,rolling_q80,2.8919941907901148e-07,8.9651819914493558e-06,1,1
Labour,UNRATE,,,,,H4_primary_vs_rolling_interval_score,0.46307523395412709,h4_interval_method_comparisons.csv,,2,after_week_1,,,,rolling_q80,0.46307523395412709,1,0,0
Labour,UNRATE,,,,,H4_primary_vs_rolling_interval_score,0.051816621182207902,h4_interval_method_comparisons.csv,,3,after_week_2,,,,rolling_q80,0.051816621182207902,0.8808825600975343,0,0
Labour,UNRATE,,,,,H4_primary_vs_rolling_interval_score,0.30356073086254232,h4_interval_method_comparisons.csv,,4,month_end,,,,rolling_q80,0.30356073086254232,1,0,0
Labour,UNRATE,,,,,H4_primary_vs_rolling_interval_score,0.1339877142977412,h4_interval_method_comparisons.csv,,5,pre_employment_report,,,,rolling_q80,0.1339877142977412,1,0,0
