domain_name,target_series,stage_order,forecast_stage,selected_model,primary_method,benchmark_method,n,primary_coverage,benchmark_coverage,coverage_diff_p_minus_b,mean_score_diff_p_minus_b,median_score_diff_p_minus_b,hac_bw_score,hac_se_score,hac_z_score,hac_p_score_two_sided,mean_width_diff_p_minus_b,median_width_diff_p_minus_b
GDP,GDPC1,1,early_quarter,Dynamic Factor Model,rolling_q80,gaussian_rmse,12,1.0,1.0,0.0,-12.241772342661797,-14.299377132840371,2,1.7217162021697192,-7.110214986206569,1.1586287484988134e-12,-12.241772342661797,-14.299377132840371
GDP,GDPC1,2,after_month_1,Dynamic Factor Model,rolling_q80,gaussian_rmse,12,1.0,1.0,0.0,-5.002335880278534,-6.514309305601983,2,1.0807082168289441,-4.6287571449734894,3.678668687667752e-06,-5.002335880278534,-6.514309305601983
GDP,GDPC1,3,after_month_2,Bridge–DFM Ensemble,rolling_q80,gaussian_rmse,12,1.0,1.0,0.0,1.6435717994730787,2.0218334040711374,2,0.33241861365532116,4.944283298098549,7.642449921796413e-07,1.6435717994730787,2.0218334040711374
GDP,GDPC1,4,quarter_end,Rolling Bridge–DFM Ensemble,rolling_q80,gaussian_rmse,12,1.0,1.0,0.0,1.1463512707229946,1.3019551286506132,2,0.1889031504401135,6.068460309169981,1.2914231906080431e-09,1.1463512707229946,1.3019551286506132
GDP,GDPC1,5,pre_advance_release,Dynamic Factor Model,rolling_q80,gaussian_rmse,12,1.0,1.0,0.0,1.9331937265939014,2.5466667641085463,2,0.40621592061736006,4.759029935744189,1.9452558674970533e-06,1.9331937265939014,2.5466667641085463
Inflation,CPIAUCSL,1,month_open,Inflation Ridge-AR Ensemble,exp_weighted_q80,gaussian_rmse,39,0.9230769230769231,0.9487179487179487,-0.02564102564102555,-1.0746346487010112,-2.2312002091557197,3,0.5161339365566161,-2.08208484772466,0.037334720313976,-1.8302955325936119,-2.2515031837267863
Inflation,CPIAUCSL,1,month_open,Inflation Ridge-AR Ensemble,exp_weighted_q80,rolling_q80,39,0.9230769230769231,0.9230769230769231,0.0,-0.2722454177924919,-0.45822809031311884,3,0.29727645073674763,-0.9157988031604228,0.3597724313695321,-0.6175511406518728,-0.5164885152368743
Inflation,CPIAUCSL,2,mid_month,Inflation Bridge Ridge,exp_weighted_q80,gaussian_rmse,40,0.85,0.9,-0.050000000000000044,-0.14638326813860042,-0.6699078620636945,3,0.48428771047674857,-0.30226508947438696,0.762449988940858,-1.4987257818477264,-1.2866180387300723
Inflation,CPIAUCSL,2,mid_month,Inflation Bridge Ridge,exp_weighted_q80,rolling_q80,40,0.85,0.9,-0.050000000000000044,-0.040454702296777036,-0.15007385773077964,3,0.3811084674173659,-0.10615010096974203,0.9154632608322144,-0.9970296586386276,-0.7385134674050384
Inflation,CPIAUCSL,3,month_end,Inflation Bridge Ridge,exp_weighted_q80,gaussian_rmse,40,0.875,0.9,-0.025000000000000022,-0.20923606064883304,-0.6963155034436364,3,0.48510976164719366,-0.4313169455472727,0.6662379306497079,-1.491256228976656,-1.3094172365301295
Inflation,CPIAUCSL,3,month_end,Inflation Bridge Ridge,exp_weighted_q80,rolling_q80,40,0.875,0.9,-0.025000000000000022,-0.07757196252075382,-0.11076810757296407,3,0.3917382877483704,-0.198019864146089,0.8430295221182946,-0.9680055945536068,-0.7385134674050384
Inflation,CPIAUCSL,4,pre_release,Inflation Bridge Ridge,exp_weighted_q80,gaussian_rmse,40,0.85,0.9,-0.050000000000000044,-0.22685520739144766,-0.8965794652670436,3,0.533995558255609,-0.42482601940081743,0.670963508456561,-1.6529613569440542,-1.3863768394753917
Inflation,CPIAUCSL,4,pre_release,Inflation Bridge Ridge,exp_weighted_q80,rolling_q80,40,0.85,0.9,-0.050000000000000044,-0.02328077496752421,-0.3720572142517504,3,0.4174944472099204,-0.055763076905831044,0.9555305495138671,-1.0368891694945017,-0.9411537850783285
Inflation,CPILFESL,1,month_open,Inflation 12-Month Mean,exp_weighted_q80,gaussian_rmse,39,0.8717948717948718,0.9743589743589743,-0.10256410256410253,-1.2902111520419832,-1.8063836446707509,3,0.2532802924673399,-5.094005299320135,3.5057695990659e-07,-1.659966973634976,-1.8809568944316801
Inflation,CPILFESL,1,month_open,Inflation 12-Month Mean,exp_weighted_q80,rolling_q80,39,0.8717948717948718,0.9487179487179487,-0.07692307692307687,-0.2514793130963574,-0.55952779377062,3,0.1826760657400722,-1.3766407332977304,0.16862335070740686,-0.6310645129442349,-0.5870381780223255
Inflation,CPILFESL,2,mid_month,Inflation Ridge-AR Ensemble,exp_weighted_q80,gaussian_rmse,40,0.875,0.95,-0.07499999999999996,-0.8202895809769786,-1.2926004669289233,3,0.27123483244815333,-3.024278163586446,0.0024922717333129007,-1.2335797852607162,-1.3563566267509257
Inflation,CPILFESL,2,mid_month,Inflation Ridge-AR Ensemble,exp_weighted_q80,rolling_q80,40,0.875,0.95,-0.07499999999999996,-0.47275522481549415,-0.7659480906994531,3,0.1774125076953125,-2.6647231976868397,0.007705171578946679,-0.7819152928093873,-0.8044191534382801
Inflation,CPILFESL,3,month_end,Inflation Ridge-AR Ensemble,exp_weighted_q80,gaussian_rmse,40,0.9,0.95,-0.04999999999999993,-0.7919603926166465,-1.2971802896419287,3,0.2577076054963609,-3.0730967023316267,0.0021184982522455265,-1.1717009699161185,-1.3609071526923513
Inflation,CPILFESL,3,month_end,Inflation Ridge-AR Ensemble,exp_weighted_q80,rolling_q80,40,0.9,0.95,-0.04999999999999993,-0.4970388001740291,-0.8044191534382801,3,0.16139506866958844,-3.0796405631920387,0.002072505474305597,-0.772669422382363,-0.8396483872665712
Inflation,CPILFESL,4,pre_release,Inflation Ridge-AR Ensemble,exp_weighted_q80,gaussian_rmse,40,0.875,0.95,-0.07499999999999996,-0.7457484701727889,-1.268981017213572,3,0.3049827124369787,-2.445215547510384,0.014476559395604216,-1.2283831106231105,-1.3455489652241073
Inflation,CPILFESL,4,pre_release,Inflation Ridge-AR Ensemble,exp_weighted_q80,rolling_q80,40,0.875,0.95,-0.07499999999999996,-0.4305926453954717,-0.7546990344732647,3,0.20933646363151187,-2.0569404771900124,0.03969195179828966,-0.8021796908359381,-0.7998445048975213
Inflation,PCEPI,1,month_open,Inflation Ridge-AR Ensemble,exp_weighted_q80,gaussian_rmse,38,0.9210526315789473,0.9210526315789473,0.0,-0.5141023736875632,-1.060672884489843,3,0.19820938788462727,-2.5937337235853293,0.00949399847574206,-0.9506542337690684,-1.0635858153854887
Inflation,PCEPI,1,month_open,Inflation Ridge-AR Ensemble,exp_weighted_q80,rolling_q80,38,0.9210526315789473,0.9210526315789473,0.0,-0.036267874332069835,-0.18470022254963325,3,0.09789710601151673,-0.37046932038831915,0.7110328317276733,-0.20221715975400623,-0.21903199974572196
Inflation,PCEPI,2,mid_month,Inflation Bridge Ridge,exp_weighted_q80,gaussian_rmse,39,0.8717948717948718,0.8974358974358975,-0.02564102564102566,0.20785963017026304,0.15889525219616818,3,0.11740098951690174,1.7705100359510884,0.07664221403082072,-0.07314849812339634,0.05152912980879698
Inflation,PCEPI,2,mid_month,Inflation Bridge Ridge,exp_weighted_q80,rolling_q80,39,0.8717948717948718,0.9230769230769231,-0.05128205128205132,0.09820878759640063,0.0,3,0.13373934108528304,0.7343298299471563,0.4627477417243542,-0.24772280146902512,-0.004532338947244696
Inflation,PCEPI,3,month_end,Inflation Bridge Ridge,exp_weighted_q80,gaussian_rmse,40,0.9,0.95,-0.04999999999999993,-0.04478794279510632,-0.24910014546761827,3,0.14164997886508918,-0.3161874301284819,0.7518602480215626,-0.4948534318138146,-0.42379085285906903
Inflation,PCEPI,3,month_end,Inflation Bridge Ridge,exp_weighted_q80,rolling_q80,40,0.9,0.95,-0.04999999999999993,0.08583703239517822,-0.1347248996096031,3,0.14313755686256185,0.5996821119253657,0.5487181119567044,-0.3150046198821821,-0.3018754162895263
Inflation,PCEPI,4,pre_release,Inflation Bridge Ridge,exp_weighted_q80,gaussian_rmse,40,0.9,0.925,-0.025000000000000022,-0.11643945420185739,-0.28613781159771534,3,0.17443860642127557,-0.6675096562090841,0.5044466438131072,-0.559548994238879,-0.6475491904354822
Inflation,PCEPI,4,pre_release,Inflation Bridge Ridge,exp_weighted_q80,rolling_q80,40,0.9,0.925,-0.025000000000000022,0.006364667912623157,-0.17995356892047987,3,0.14829782134873715,0.04291814845786577,0.9657667817021007,-0.30287817063132283,-0.28546966586495337
Inflation,PCEPILFE,1,month_open,Inflation Bridge Ridge,exp_weighted_q80,gaussian_rmse,38,0.868421052631579,0.9473684210526315,-0.07894736842105254,0.025682857699986877,-0.09233197883894206,3,0.2032287446759705,0.12637413935187086,0.8994357718220836,-0.1663902812209504,-0.17606931138036197
Inflation,PCEPILFE,1,month_open,Inflation Bridge Ridge,exp_weighted_q80,rolling_q80,38,0.868421052631579,0.9473684210526315,-0.07894736842105254,0.031581759619612335,0.0,3,0.19295014029741342,0.16367834493891634,0.8699843658525475,-0.16662197971025355,0.0
Inflation,PCEPILFE,2,mid_month,Inflation Ridge-AR Ensemble,exp_weighted_q80,gaussian_rmse,39,0.8717948717948718,0.9487179487179487,-0.07692307692307687,-0.2495075111852204,-0.42007587252904344,3,0.12626461879654302,-1.9760683045126466,0.048147041634027055,-0.5071306341908082,-0.4302984764305866
Inflation,PCEPILFE,2,mid_month,Inflation Ridge-AR Ensemble,exp_weighted_q80,rolling_q80,39,0.8717948717948718,0.9487179487179487,-0.07692307692307687,-0.10009405566716921,-0.04476296629881826,3,0.11711130880073965,-0.8546916321930563,0.39272188421121434,-0.2892375085117265,-0.09797083944263996
Inflation,PCEPILFE,3,month_end,Inflation Bridge Ridge,exp_weighted_q80,gaussian_rmse,40,0.875,0.95,-0.07499999999999996,-0.32814856901425876,-0.5876768703915625,3,0.23603423550130226,-1.3902583594168834,0.1644504376075493,-0.8003246937368484,-0.8590238945035495
Inflation,PCEPILFE,3,month_end,Inflation Bridge Ridge,exp_weighted_q80,rolling_q80,40,0.875,0.925,-0.050000000000000044,-0.026066030224165492,-0.24766806691709142,3,0.1714488553786533,-0.15203385386620036,0.8791602344842433,-0.3904129974214937,-0.27630786562928655
Inflation,PCEPILFE,4,pre_release,Inflation Bridge Ridge,exp_weighted_q80,gaussian_rmse,40,0.9,0.95,-0.04999999999999993,-0.3358955666021541,-0.528189219489875,3,0.24525096039753672,-1.3695993934445274,0.1708119890618094,-0.7678368500183732,-0.6625566747720719
Inflation,PCEPILFE,4,pre_release,Inflation Bridge Ridge,exp_weighted_q80,rolling_q80,40,0.9,0.95,-0.04999999999999993,-0.049281214746794234,-0.27167704411066196,3,0.1788469638205501,-0.27554963022040224,0.7828940015260932,-0.3908878476013387,-0.34556139775643824
Labour,CES0500000003,1,month_open,Labour Bridge Ridge,exp_weighted_q80,gaussian_rmse,41,0.8536585365853658,0.9512195121951219,-0.09756097560975607,-4.017540736211064,-2.1512310167328117,3,1.2245117543938344,-3.2809327650757036,0.0010346440470483387,-4.595820805231328,-2.1512310167328117
Labour,CES0500000003,1,month_open,Labour Bridge Ridge,exp_weighted_q80,rolling_q80,41,0.8536585365853658,0.9512195121951219,-0.09756097560975607,-0.7894136077546698,-1.1599418512333308,3,0.21969177784878613,-3.593277889070675,0.00032654400989962085,-1.348052144764531,-1.290458976161018
Labour,CES0500000003,2,after_week_1,Labour Bridge Ridge,exp_weighted_q80,gaussian_rmse,41,0.8536585365853658,0.926829268292683,-0.07317073170731714,-2.9631412902191996,-2.5774068911025516,3,0.9585027313201878,-3.091427069944741,0.001991969081986511,-3.4231555238113356,-2.660388764756515
Labour,CES0500000003,2,after_week_1,Labour Bridge Ridge,exp_weighted_q80,rolling_q80,41,0.8536585365853658,0.9512195121951219,-0.09756097560975607,-0.9965036121458584,-1.3649854291765733,3,0.3520429929200483,-2.83063044056148,0.004645636388219021,-1.572912371688609,-1.6908785995612998
Labour,CES0500000003,3,after_week_2,Labour Bridge Ridge,exp_weighted_q80,gaussian_rmse,41,0.8048780487804879,0.926829268292683,-0.12195121951219512,-5.057532907357675,-2.4730537430896096,3,1.8153738729672764,-2.7859456295308496,0.005337182295758192,-5.650712908746275,-2.546084919923799
Labour,CES0500000003,3,after_week_2,Labour Bridge Ridge,exp_weighted_q80,rolling_q80,41,0.8048780487804879,0.9512195121951219,-0.14634146341463405,-0.9447909491216173,-1.2566491681738583,3,0.3683856878542085,-2.5646787599835466,0.010327136764199718,-1.5677957928021875,-1.537611677592741
Labour,CES0500000003,4,month_end,Labour Equal-Weight Ensemble,exp_weighted_q80,gaussian_rmse,41,0.8536585365853658,0.9512195121951219,-0.09756097560975607,-6.058026383222888,-2.811445556429323,3,1.9680325104541498,-3.078214587941394,0.002082449014394694,-6.632535418568775,-2.811445556429323
Labour,CES0500000003,4,month_end,Labour Equal-Weight Ensemble,exp_weighted_q80,rolling_q80,41,0.8536585365853658,0.9512195121951219,-0.09756097560975607,-1.6303989166653818,-2.1989198984542853,3,0.4564821304285113,-3.571659891998149,0.0003547258791831709,-2.156976370684422,-2.501364731987275
Labour,CES0500000003,5,pre_employment_report,Labour Equal-Weight Ensemble,exp_weighted_q80,gaussian_rmse,41,0.8536585365853658,0.9512195121951219,-0.09756097560975607,-6.0832210166099365,-2.7966621867235557,3,1.9602599432834138,-3.103272623334132,0.0019139324242138933,-6.620184429640866,-2.7966621867235557
Labour,CES0500000003,5,pre_employment_report,Labour Equal-Weight Ensemble,exp_weighted_q80,rolling_q80,41,0.8536585365853658,0.9512195121951219,-0.09756097560975607,-1.5159169860696529,-2.2599780649385797,3,0.4148504350900243,-3.6541289531025622,0.00025805655409216754,-2.001891102946027,-2.320507548966976
Labour,PAYEMS,1,month_open,Labour 12-Month Mean,exp_weighted_q80,gaussian_rmse,41,0.8780487804878049,0.9512195121951219,-0.07317073170731703,-3317.1604638872222,-1140.0767726764775,3,1012.1562515012986,-3.27732053125887,0.0010479732829127286,-3350.8860405484547,-1261.6755105996094
Labour,PAYEMS,1,month_open,Labour 12-Month Mean,exp_weighted_q80,rolling_q80,41,0.8780487804878049,0.9512195121951219,-0.07317073170731703,-996.467479674797,-1009.3333333333334,3,273.53007509179025,-3.642990553563099,0.00026948873184617916,-1030.6341463414635,-1045.0
Labour,PAYEMS,2,after_week_1,Labour Bridge Ridge,exp_weighted_q80,gaussian_rmse,41,0.926829268292683,0.975609756097561,-0.04878048780487798,-2959.857466535124,-2194.749373355634,3,869.5698136469545,-3.4038180949745187,0.0006645099054978232,-3004.546183900066,-2194.749373355634
Labour,PAYEMS,2,after_week_1,Labour Bridge Ridge,exp_weighted_q80,rolling_q80,41,0.926829268292683,0.975609756097561,-0.04878048780487798,-437.7172494850269,-268.8404192586179,3,133.37191706075473,-3.2819296530440827,0.0010309932261101107,-481.09183614497954,-268.8404192586179
Labour,PAYEMS,3,after_week_2,Labour Factor Ridge,exp_weighted_q80,gaussian_rmse,41,0.9024390243902439,0.9512195121951219,-0.04878048780487798,-2750.535576495087,-652.9418559005587,3,1009.841491049147,-2.7237300119620693,0.006454925054987459,-2840.8890704697114,-652.9418559005587
Labour,PAYEMS,3,after_week_2,Labour Factor Ridge,exp_weighted_q80,rolling_q80,41,0.9024390243902439,0.9512195121951219,-0.04878048780487798,-154.1203245569627,-221.4916135138251,3,75.06121894158264,-2.0532616806677337,0.040047205145274045,-248.14381366884334,-235.4010229368439
Labour,PAYEMS,4,month_end,Labour Bridge Ridge,exp_weighted_q80,gaussian_rmse,41,0.9024390243902439,0.9512195121951219,-0.04878048780487798,-3106.157683860613,-2087.9747982521603,3,945.7544863176047,-3.2843171550311827,0.0010222980862613085,-3172.0582210030852,-2087.9747982521603
Labour,PAYEMS,4,month_end,Labour Bridge Ridge,exp_weighted_q80,rolling_q80,41,0.9024390243902439,0.926829268292683,-0.024390243902439046,-387.5407342136642,-495.8923513768193,3,121.25478445052994,-3.1960861253419224,0.0013930552273930807,-443.6243815991731,-495.8923513768193
Labour,PAYEMS,5,pre_employment_report,Labour Bridge Ridge,exp_weighted_q80,gaussian_rmse,41,0.9024390243902439,0.975609756097561,-0.07317073170731703,-3124.8934715667183,-2112.5057116045136,3,944.6795540805906,-3.3078872704173437,0.0009400264046450779,-3215.4878743859476,-2112.5057116045136
Labour,PAYEMS,5,pre_employment_report,Labour Bridge Ridge,exp_weighted_q80,rolling_q80,41,0.9024390243902439,0.9512195121951219,-0.04878048780487798,-414.9186257062699,-370.36740989682323,3,132.74956556460975,-3.1255742641532587,0.001774582562261262,-481.8183949347601,-370.36740989682323
Labour,UNRATE,1,month_open,Labour AR(1),exp_weighted_q80,gaussian_rmse,40,0.975,1.0,-0.025000000000000022,-2.8001762289987058,-1.7070230529964796,3,0.7455923890040701,-3.755639502622954,0.00017289942002784997,-2.80237510898382,-1.7070230529964796
Labour,UNRATE,1,month_open,Labour AR(1),exp_weighted_q80,rolling_q80,40,0.975,1.0,-0.025000000000000022,-0.697620371488665,-0.7478461094098936,3,0.13597902121633196,-5.130352941567403,2.891994190790115e-07,-0.6998192514737795,-0.7478461094098936
Labour,UNRATE,2,after_week_1,Labour Equal-Weight Ensemble,exp_weighted_q80,gaussian_rmse,40,0.775,0.9,-0.125,-1.8710718099942631,-0.028503024969960045,3,0.6906531553181806,-2.7091338041194777,0.006745912800442788,-1.9432019779951617,-0.025100992062744076
Labour,UNRATE,2,after_week_1,Labour Equal-Weight Ensemble,exp_weighted_q80,rolling_q80,40,0.775,0.9,-0.125,-0.025722957529540857,0.0,3,0.035054812875914505,-0.7337924644069235,0.4630752339541271,-0.09420932949962232,-0.023957348525062816
Labour,UNRATE,3,after_week_2,Labour Equal-Weight Ensemble,exp_weighted_q80,gaussian_rmse,40,0.75,0.9,-0.15000000000000002,-1.3535874117084457,-0.10655526696753714,3,0.5239110341100056,-2.5836207363104187,0.0097769240253196,-1.4239885005305588,0.013612654367404886
Labour,UNRATE,3,after_week_2,Labour Equal-Weight Ensemble,exp_weighted_q80,rolling_q80,40,0.75,0.775,-0.025000000000000022,0.03579639852711379,0.016918764406405717,3,0.018407591455978367,1.9446541179882573,0.05181662118220798,-0.008267989594253799,-0.008037412836223723
Labour,UNRATE,4,month_end,Labour Equal-Weight Ensemble,exp_weighted_q80,gaussian_rmse,40,0.75,0.9,-0.15000000000000002,-1.2759683851906358,-0.13795018388074065,3,0.49033398201573963,-2.6022434340471174,0.009261608505860552,-1.3265722180161172,0.031897321750273155
Labour,UNRATE,4,month_end,Labour Equal-Weight Ensemble,exp_weighted_q80,rolling_q80,40,0.75,0.9,-0.15000000000000002,0.027435831965275964,0.0,3,0.026667085929869314,1.0288275230907624,0.3035607308625423,-0.03641432406139513,-0.005877690361965726
Labour,UNRATE,5,pre_employment_report,Labour Equal-Weight Ensemble,exp_weighted_q80,gaussian_rmse,40,0.8,0.9,-0.09999999999999998,-1.2559224173235914,-0.037158257058220956,3,0.4870254901149274,-2.5787611589430792,0.009915531721993887,-1.3488860665846008,-0.0033117586815210043
Labour,UNRATE,5,pre_employment_report,Labour Equal-Weight Ensemble,exp_weighted_q80,rolling_q80,40,0.8,0.875,-0.07499999999999996,0.03455158967366242,-0.007330522767220238,3,0.023056521340943242,1.4985603926428614,0.13398771429774126,-0.040335246163493765,-0.015038525374635014
