domain_name,target_series,stage_order,forecast_stage,selected_model,interval_method,is_primary,n,covered,violations,coverage,coverage_gap_from_080,wilson_95_low,wilson_95_high,lr_uc,p_uc,n00,n01,n10,n11,lr_ind,p_ind,lr_cc,p_cc,average_interval_width,average_half_width,mean_interval_score,median_interval_score,lower_miss_rate,upper_miss_rate,minimum_calibration_count,maximum_calibration_count
GDP,GDPC1,1,early_quarter,Dynamic Factor Model,rolling_q80,1,12,12,0,1.0,0.19999999999999996,0.7575059933447592,1.0,5.355445231541033,0.02065765913562206,11,0,0,0,0.0,1.0,5.355445231541033,0.06871947673600004,8.811038245923818,4.405519122961909,8.811038245923818,9.19618475288031,0.0,0.0,20,20
GDP,GDPC1,1,early_quarter,Dynamic Factor Model,gaussian_rmse,0,12,12,0,1.0,0.19999999999999996,0.7575059933447592,1.0,5.355445231541033,0.02065765913562206,11,0,0,0,0.0,1.0,5.355445231541033,0.06871947673600004,21.05281058858561,10.526405294292806,21.05281058858561,23.495561885720683,0.0,0.0,20,20
GDP,GDPC1,2,after_month_1,Dynamic Factor Model,rolling_q80,1,12,12,0,1.0,0.19999999999999996,0.7575059933447592,1.0,5.355445231541033,0.02065765913562206,11,0,0,0,0.0,1.0,5.355445231541033,0.06871947673600004,9.916370536150215,4.958185268075106,9.916370536150215,10.576878839962498,0.0,0.0,20,20
GDP,GDPC1,2,after_month_1,Dynamic Factor Model,gaussian_rmse,0,12,12,0,1.0,0.19999999999999996,0.7575059933447592,1.0,5.355445231541033,0.02065765913562206,11,0,0,0,0.0,1.0,5.355445231541033,0.06871947673600004,14.91870641642875,7.459353208214375,14.91870641642875,17.071301284287635,0.0,0.0,20,20
GDP,GDPC1,3,after_month_2,Bridge–DFM Ensemble,rolling_q80,1,12,12,0,1.0,0.19999999999999996,0.7575059933447592,1.0,5.355445231541033,0.02065765913562206,11,0,0,0,0.0,1.0,5.355445231541033,0.06871947673600004,10.965344642349216,5.482672321174608,10.965344642349216,11.932951575977157,0.0,0.0,20,20
GDP,GDPC1,3,after_month_2,Bridge–DFM Ensemble,gaussian_rmse,0,12,12,0,1.0,0.19999999999999996,0.7575059933447592,1.0,5.355445231541033,0.02065765913562206,11,0,0,0,0.0,1.0,5.355445231541033,0.06871947673600004,9.321772842876136,4.660886421438068,9.321772842876136,9.8346541272067,0.0,0.0,20,20
GDP,GDPC1,4,quarter_end,Rolling Bridge–DFM Ensemble,rolling_q80,1,12,12,0,1.0,0.19999999999999996,0.7575059933447592,1.0,5.355445231541033,0.02065765913562206,11,0,0,0,0.0,1.0,5.355445231541033,0.06871947673600004,10.21215362924624,5.10607681462312,10.21215362924624,10.95481567740002,0.0,0.0,20,20
GDP,GDPC1,4,quarter_end,Rolling Bridge–DFM Ensemble,gaussian_rmse,0,12,12,0,1.0,0.19999999999999996,0.7575059933447592,1.0,5.355445231541033,0.02065765913562206,11,0,0,0,0.0,1.0,5.355445231541033,0.06871947673600004,9.065802358523245,4.532901179261622,9.065802358523245,9.586453139092324,0.0,0.0,20,20
GDP,GDPC1,5,pre_advance_release,Dynamic Factor Model,rolling_q80,1,12,12,0,1.0,0.19999999999999996,0.7575059933447592,1.0,5.355445231541033,0.02065765913562206,11,0,0,0,0.0,1.0,5.355445231541033,0.06871947673600004,11.483066279474151,5.741533139737076,11.483066279474151,12.960486686954617,0.0,0.0,20,20
GDP,GDPC1,5,pre_advance_release,Dynamic Factor Model,gaussian_rmse,0,12,12,0,1.0,0.19999999999999996,0.7575059933447592,1.0,5.355445231541033,0.02065765913562206,11,0,0,0,0.0,1.0,5.355445231541033,0.06871947673600004,9.549872552880247,4.7749362764401235,9.549872552880247,10.3703753970907,0.0,0.0,20,20
Inflation,CPIAUCSL,1,month_open,Inflation Ridge-AR Ensemble,exp_weighted_q80,1,39,36,3,0.9230769230769231,0.12307692307692308,0.7967892883204503,0.9734926046962203,4.570192071963863,0.03253291764359525,33,3,2,0,0.3383193228941366,0.5608009507520443,4.9085113948579995,0.08592712742770751,9.11346349758103,4.556731748790515,12.196212335816845,8.540526816440455,0.05128205128205128,0.02564102564102564,34,48
Inflation,CPIAUCSL,1,month_open,Inflation Ridge-AR Ensemble,gaussian_rmse,0,39,37,2,0.9487179487179487,0.14871794871794863,0.8311435995238639,0.9858220445847259,7.173080306787883,0.0074005595287745946,35,2,1,0,0.10962333895174403,0.7405733671211114,7.282703645739627,0.026216879423019594,10.943759030174641,5.47187951508732,13.270846984517858,10.673332007685909,0.02564102564102564,0.02564102564102564,34,48
Inflation,CPIAUCSL,1,month_open,Inflation Ridge-AR Ensemble,rolling_q80,0,39,36,3,0.9230769230769231,0.12307692307692308,0.7967892883204503,0.9734926046962203,4.570192071963863,0.03253291764359525,33,3,2,0,0.3383193228941366,0.5608009507520443,4.9085113948579995,0.08592712742770751,9.731014638232901,4.865507319116451,12.468457753609336,8.856109441102255,0.05128205128205128,0.02564102564102564,34,48
Inflation,CPIAUCSL,2,mid_month,Inflation Bridge Ridge,exp_weighted_q80,1,40,34,6,0.85,0.04999999999999993,0.709276756335103,0.9293881228267964,0.6702894140961959,0.41295072231710866,28,6,5,0,1.7992462372371705,0.17980364783891298,2.4695356513333664,0.29090229457422884,8.47465054481442,4.23732527240721,11.761191025725802,9.407349225243562,0.125,0.025,36,48
Inflation,CPIAUCSL,2,mid_month,Inflation Bridge Ridge,gaussian_rmse,0,40,36,4,0.9,0.09999999999999998,0.7694822477247771,0.9604204713173936,2.9352011227800467,0.08666786826545826,32,4,3,0,0.6771783041960333,0.41056006153253877,3.61237942697608,0.16427889545164812,9.973376326662146,4.986688163331073,11.9075742938644,9.870305280206328,0.075,0.025,36,48
Inflation,CPIAUCSL,2,mid_month,Inflation Bridge Ridge,rolling_q80,0,40,36,4,0.9,0.09999999999999998,0.7694822477247771,0.9604204713173936,2.9352011227800467,0.08666786826545826,32,4,3,0,0.6771783041960333,0.41056006153253877,3.61237942697608,0.16427889545164812,9.47168020345305,4.735840101726525,11.801645728022578,9.462733279030047,0.075,0.025,36,48
Inflation,CPIAUCSL,3,month_end,Inflation Bridge Ridge,exp_weighted_q80,1,40,35,5,0.875,0.07499999999999996,0.738878801611489,0.945404997490546,1.5728148158207418,0.2097987046721094,30,5,4,0,1.1627713196838165,0.28089153375741666,2.7355861355045583,0.2546683756720095,8.494750227200665,4.247375113600333,11.727438619300072,9.351965171457081,0.1,0.025,36,48
Inflation,CPIAUCSL,3,month_end,Inflation Bridge Ridge,gaussian_rmse,0,40,36,4,0.9,0.09999999999999998,0.7694822477247771,0.9604204713173936,2.9352011227800467,0.08666786826545826,32,4,3,0,0.6771783041960333,0.41056006153253877,3.61237942697608,0.16427889545164812,9.98600645617732,4.99300322808866,11.936674679948906,9.859636364008864,0.075,0.025,36,48
Inflation,CPIAUCSL,3,month_end,Inflation Bridge Ridge,rolling_q80,0,40,36,4,0.9,0.09999999999999998,0.7694822477247771,0.9604204713173936,2.9352011227800467,0.08666786826545826,32,4,3,0,0.6771783041960333,0.41056006153253877,3.61237942697608,0.16427889545164812,9.462755821754273,4.7313779108771366,11.805010581820827,9.462733279030045,0.075,0.025,36,48
Inflation,CPIAUCSL,4,pre_release,Inflation Bridge Ridge,exp_weighted_q80,1,40,34,6,0.85,0.04999999999999993,0.709276756335103,0.9293881228267964,0.6702894140961959,0.41295072231710866,28,6,5,0,1.7992462372371705,0.17980364783891298,2.4695356513333664,0.29090229457422884,8.304558475806882,4.152279237903441,11.742037556562803,9.068340645866124,0.125,0.025,36,48
Inflation,CPIAUCSL,4,pre_release,Inflation Bridge Ridge,gaussian_rmse,0,40,36,4,0.9,0.09999999999999998,0.7694822477247771,0.9604204713173936,2.9352011227800467,0.08666786826545826,32,4,3,0,0.6771783041960333,0.41056006153253877,3.61237942697608,0.16427889545164812,9.957519832750936,4.978759916375468,11.96889276395425,9.827977145657,0.075,0.025,36,48
Inflation,CPIAUCSL,4,pre_release,Inflation Bridge Ridge,rolling_q80,0,40,36,4,0.9,0.09999999999999998,0.7694822477247771,0.9604204713173936,2.9352011227800467,0.08666786826545826,32,4,3,0,0.6771783041960333,0.41056006153253877,3.61237942697608,0.16427889545164812,9.341447645301383,4.670723822650691,11.765318331530327,9.440397860117875,0.075,0.025,36,48
Inflation,CPILFESL,1,month_open,Inflation 12-Month Mean,exp_weighted_q80,1,39,34,5,0.8717948717948718,0.07179487179487176,0.7329425662025455,0.9439718246302862,1.3972270138348186,0.23718841116317438,30,4,3,1,0.46367091591562115,0.49591334448011676,1.8608979297504398,0.3943766093732953,5.22985057734636,2.61492528867318,5.876349268283472,5.549871325311351,0.1282051282051282,0.0,34,48
Inflation,CPILFESL,1,month_open,Inflation 12-Month Mean,gaussian_rmse,0,39,38,1,0.9743589743589743,0.1743589743589743,0.8681900983014993,0.99545929689901,10.876525465841036,0.0009739077984913734,37,1,0,0,0.0,1.0,10.876525465841036,0.004347028664451436,6.889817550981334,3.4449087754906667,7.166560420325454,7.302388223136264,0.02564102564102564,0.0,34,48
Inflation,CPILFESL,1,month_open,Inflation 12-Month Mean,rolling_q80,0,39,37,2,0.9487179487179487,0.14871794871794863,0.8311435995238639,0.9858220445847259,7.173080306787883,0.0074005595287745946,35,2,1,0,0.10962333895174403,0.7405733671211114,7.282703645739627,0.026216879423019594,5.860915090290593,2.9304575451452965,6.12782858137983,6.2724413600030005,0.05128205128205128,0.0,34,48
Inflation,CPILFESL,2,mid_month,Inflation Ridge-AR Ensemble,exp_weighted_q80,1,40,35,5,0.875,0.07499999999999996,0.738878801611489,0.945404997490546,1.5728148158207418,0.2097987046721094,30,5,4,0,1.1627713196838165,0.28089153375741666,2.7355861355045583,0.2546683756720095,4.467304278892729,2.2336521394463644,5.421731500111069,4.363407140942623,0.075,0.05,36,48
Inflation,CPILFESL,2,mid_month,Inflation Ridge-AR Ensemble,gaussian_rmse,0,40,38,2,0.95,0.1499999999999999,0.8349612263085903,0.9861793326138516,7.5154420819465315,0.00611722701014106,36,2,1,0,0.10669829207442305,0.7439348567676765,7.622140374020955,0.022124488942245838,5.700884064153445,2.8504420320767223,6.242021081088048,5.892221566895189,0.025,0.025,36,48
Inflation,CPILFESL,2,mid_month,Inflation Ridge-AR Ensemble,rolling_q80,0,40,38,2,0.95,0.1499999999999999,0.8349612263085903,0.9861793326138516,7.5154420819465315,0.00611722701014106,36,2,1,0,0.10669829207442305,0.7439348567676765,7.622140374020955,0.022124488942245838,5.249219571702116,2.624609785851058,5.894486724926564,5.293179002597931,0.025,0.025,36,48
Inflation,CPILFESL,3,month_end,Inflation Ridge-AR Ensemble,exp_weighted_q80,1,40,36,4,0.9,0.09999999999999998,0.7694822477247771,0.9604204713173936,2.9352011227800467,0.08666786826545826,32,4,3,0,0.6771783041960333,0.41056006153253877,3.61237942697608,0.16427889545164812,4.50340362543703,2.251701812718515,5.424301400869811,4.386542764018428,0.05,0.05,36,48
Inflation,CPILFESL,3,month_end,Inflation Ridge-AR Ensemble,gaussian_rmse,0,40,38,2,0.95,0.1499999999999999,0.8349612263085903,0.9861793326138516,7.5154420819465315,0.00611722701014106,36,2,1,0,0.10669829207442305,0.7439348567676765,7.622140374020955,0.022124488942245838,5.675104595353149,2.8375522976765746,6.216261793486457,5.895538073395487,0.025,0.025,36,48
Inflation,CPILFESL,3,month_end,Inflation Ridge-AR Ensemble,rolling_q80,0,40,38,2,0.95,0.1499999999999999,0.8349612263085903,0.9861793326138516,7.5154420819465315,0.00611722701014106,36,2,1,0,0.10669829207442305,0.7439348567676765,7.622140374020955,0.022124488942245838,5.276073047819393,2.6380365239096966,5.92134020104384,5.293179002597931,0.025,0.025,36,48
Inflation,CPILFESL,4,pre_release,Inflation Ridge-AR Ensemble,exp_weighted_q80,1,40,35,5,0.875,0.07499999999999996,0.738878801611489,0.945404997490546,1.5728148158207418,0.2097987046721094,30,5,4,0,1.1627713196838165,0.28089153375741666,2.7355861355045583,0.2546683756720095,4.413287687969031,2.2066438439845153,5.445585872541224,4.276155141736167,0.075,0.05,36,48
Inflation,CPILFESL,4,pre_release,Inflation Ridge-AR Ensemble,gaussian_rmse,0,40,38,2,0.95,0.1499999999999999,0.8349612263085903,0.9861793326138516,7.5154420819465315,0.00611722701014106,36,2,1,0,0.10669829207442305,0.7439348567676765,7.622140374020955,0.022124488942245838,5.641670798592142,2.820835399296071,6.191334342714013,5.862747715923761,0.025,0.025,36,48
Inflation,CPILFESL,4,pre_release,Inflation Ridge-AR Ensemble,rolling_q80,0,40,38,2,0.95,0.1499999999999999,0.8349612263085903,0.9861793326138516,7.5154420819465315,0.00611722701014106,36,2,1,0,0.10669829207442305,0.7439348567676765,7.622140374020955,0.022124488942245838,5.215467378804969,2.6077336894024845,5.876178517936696,5.268056226206372,0.025,0.025,36,48
Inflation,PCEPI,1,month_open,Inflation Ridge-AR Ensemble,exp_weighted_q80,1,38,35,3,0.9210526315789473,0.1210526315789473,0.7920062854222853,0.9727854044930122,4.286165963661578,0.03842371999957884,31,3,3,0,0.530100865953731,0.4665644564351825,4.816266829615309,0.08998309903308208,6.359237094141557,3.1796185470707785,7.387325750436448,6.172406744780533,0.05263157894736842,0.02631578947368421,34,48
Inflation,PCEPI,1,month_open,Inflation Ridge-AR Ensemble,gaussian_rmse,0,38,35,3,0.9210526315789473,0.1210526315789473,0.7920062854222853,0.9727854044930122,4.286165963661578,0.03842371999957884,31,3,3,0,0.530100865953731,0.4665644564351825,4.816266829615309,0.08998309903308208,7.3098913279106235,3.6549456639553117,7.90142812412401,7.256523226670194,0.05263157894736842,0.02631578947368421,34,48
Inflation,PCEPI,1,month_open,Inflation Ridge-AR Ensemble,rolling_q80,0,38,35,3,0.9210526315789473,0.1210526315789473,0.7920062854222853,0.9727854044930122,4.286165963661578,0.03842371999957884,31,3,3,0,0.530100865953731,0.4665644564351825,4.816266829615309,0.08998309903308208,6.5614542538955645,3.2807271269477822,7.423593624768517,6.357106967330166,0.05263157894736842,0.02631578947368421,34,48
Inflation,PCEPI,2,mid_month,Inflation Bridge Ridge,exp_weighted_q80,1,39,34,5,0.8717948717948718,0.07179487179487176,0.7329425662025455,0.9439718246302862,1.3972270138348186,0.23718841116317438,29,4,4,1,0.2126596940816654,0.6446907022752093,1.609886707916484,0.44711325303802946,6.717549687738849,3.3587748438694245,7.598888449819838,6.9114369523792725,0.10256410256410256,0.02564102564102564,34,48
Inflation,PCEPI,2,mid_month,Inflation Bridge Ridge,gaussian_rmse,0,39,35,4,0.8974358974358975,0.09743589743589742,0.7642114553714348,0.9593866865533163,2.702462686573149,0.10019337427077007,31,3,3,1,0.7813611555855005,0.3767251730670938,3.4838238421586496,0.17518514006119468,6.790698185862245,3.3953490929311223,7.391028819649575,6.745730501479388,0.07692307692307693,0.02564102564102564,34,48
Inflation,PCEPI,2,mid_month,Inflation Bridge Ridge,rolling_q80,0,39,36,3,0.9230769230769231,0.12307692307692308,0.7967892883204503,0.9734926046962203,4.570192071963863,0.03253291764359525,33,2,2,1,1.8391485679373432,0.17505077307836756,6.409340639901206,0.0405722753029616,6.965272489207875,3.4826362446039374,7.500679662223436,6.9114369523792725,0.07692307692307693,0.0,34,48
Inflation,PCEPI,3,month_end,Inflation Bridge Ridge,exp_weighted_q80,1,40,36,4,0.9,0.09999999999999998,0.7694822477247771,0.9604204713173936,2.9352011227800467,0.08666786826545826,31,4,4,0,0.9162864676735687,0.3384519174717695,3.8514875904536154,0.14576729550608836,6.549118077338884,3.274559038669442,7.46110905932976,6.763082448011879,0.075,0.025,36,48
Inflation,PCEPI,3,month_end,Inflation Bridge Ridge,gaussian_rmse,0,40,38,2,0.95,0.1499999999999999,0.8349612263085903,0.9861793326138516,7.5154420819465315,0.00611722701014106,35,2,2,0,0.21632163102616708,0.6418570584611599,7.731763712972699,0.020944444296659225,7.043971509152698,3.521985754576349,7.5058970021248665,7.019722784191025,0.05,0.0,36,48
Inflation,PCEPI,3,month_end,Inflation Bridge Ridge,rolling_q80,0,40,38,2,0.95,0.1499999999999999,0.8349612263085903,0.9861793326138516,7.5154420819465315,0.00611722701014106,35,2,2,0,0.21632163102616708,0.6418570584611599,7.731763712972699,0.020944444296659225,6.864122697221066,3.432061348610533,7.3752720269345815,6.897807347621482,0.05,0.0,36,48
Inflation,PCEPI,4,pre_release,Inflation Bridge Ridge,exp_weighted_q80,1,40,36,4,0.9,0.09999999999999998,0.7694822477247771,0.9604204713173936,2.9352011227800467,0.08666786826545826,31,4,4,0,0.9162864676735687,0.3384519174717695,3.8514875904536154,0.14576729550608836,6.444353935239772,3.222176967619886,7.452580489785481,6.698990449835847,0.075,0.025,36,48
Inflation,PCEPI,4,pre_release,Inflation Bridge Ridge,gaussian_rmse,0,40,37,3,0.925,0.125,0.8013576647568946,0.9741639742254119,4.858493210422488,0.027510352418468435,33,3,3,0,0.5005803172202725,0.47924524677417385,5.35907352764276,0.06859492244534526,7.003902929478653,3.5019514647393266,7.56901994398734,6.986073627041014,0.05,0.025,36,48
Inflation,PCEPI,4,pre_release,Inflation Bridge Ridge,rolling_q80,0,40,37,3,0.925,0.125,0.8013576647568946,0.9741639742254119,4.858493210422488,0.027510352418468435,33,3,3,0,0.5005803172202725,0.47924524677417385,5.35907352764276,0.06859492244534526,6.7472321058710945,3.3736160529355472,7.446215821872859,6.878944018756327,0.05,0.025,36,48
Inflation,PCEPILFE,1,month_open,Inflation Bridge Ridge,exp_weighted_q80,1,38,33,5,0.868421052631579,0.06842105263157894,0.7267314055770869,0.9424613230987987,1.2291835530022226,0.26756587633786866,29,3,3,2,2.6640660540981855,0.1026380566142207,3.893249607100408,0.14275508582997298,5.077340986568662,2.5386704932843305,5.493161367668481,5.409272748342229,0.05263157894736842,0.07894736842105263,34,48
Inflation,PCEPILFE,1,month_open,Inflation Bridge Ridge,gaussian_rmse,0,38,36,2,0.9473684210526315,0.14736842105263148,0.8271453786822962,0.9854457918527075,6.833491496233888,0.00894642156584388,33,2,2,0,0.22869598394238544,0.6324924269277294,7.062187480176274,0.029272881427646256,5.24373126778961,2.621865633894805,5.467478509968494,5.368465573423771,0.02631578947368421,0.02631578947368421,34,48
Inflation,PCEPILFE,1,month_open,Inflation Bridge Ridge,rolling_q80,0,38,36,2,0.9473684210526315,0.14736842105263148,0.8271453786822962,0.9854457918527075,6.833491496233888,0.00894642156584388,33,2,2,0,0.22869598394238544,0.6324924269277294,7.062187480176274,0.029272881427646256,5.243962966278915,2.6219814831394577,5.461579608048869,5.409272748342229,0.02631578947368421,0.02631578947368421,34,48
Inflation,PCEPILFE,2,mid_month,Inflation Ridge-AR Ensemble,exp_weighted_q80,1,39,34,5,0.8717948717948718,0.07179487179487176,0.7329425662025455,0.9439718246302862,1.3972270138348186,0.23718841116317438,30,3,3,2,2.756570862934339,0.09685564332814303,4.153797876769158,0.1253182298065427,4.7748019321495105,2.387400966074755,5.237023744599519,5.1675350939876346,0.07692307692307693,0.05128205128205128,34,48
Inflation,PCEPILFE,2,mid_month,Inflation Ridge-AR Ensemble,gaussian_rmse,0,39,37,2,0.9487179487179487,0.14871794871794863,0.8311435995238639,0.9858220445847259,7.173080306787883,0.0074005595287745946,34,2,2,0,0.22233667542444557,0.6372652277732449,7.395416982212328,0.024780245612523132,5.281932566340318,2.640966283170159,5.486531255784739,5.319028619912149,0.02564102564102564,0.02564102564102564,34,48
Inflation,PCEPILFE,2,mid_month,Inflation Ridge-AR Ensemble,rolling_q80,0,39,37,2,0.9487179487179487,0.14871794871794863,0.8311435995238639,0.9858220445847259,7.173080306787883,0.0074005595287745946,34,2,2,0,0.22233667542444557,0.6372652277732449,7.395416982212328,0.024780245612523132,5.0640394406612375,2.5320197203306187,5.337117800266689,5.1675350939876346,0.02564102564102564,0.02564102564102564,34,48
Inflation,PCEPILFE,3,month_end,Inflation Bridge Ridge,exp_weighted_q80,1,40,35,5,0.875,0.07499999999999996,0.738878801611489,0.945404997490546,1.5728148158207418,0.2097987046721094,30,4,4,1,0.23657147928003752,0.6266934140014422,1.8093862951007793,0.4046660388188944,4.32645503242861,2.163227516214305,4.9760612255465135,4.802711560360079,0.025,0.1,36,48
Inflation,PCEPILFE,3,month_end,Inflation Bridge Ridge,gaussian_rmse,0,40,38,2,0.95,0.1499999999999999,0.8349612263085903,0.9861793326138516,7.5154420819465315,0.00611722701014106,35,2,2,0,0.21632163102616708,0.6418570584611599,7.731763712972699,0.020944444296659225,5.126779726165459,2.5633898630827296,5.304209794560772,5.186990782087904,0.025,0.025,36,48
Inflation,PCEPILFE,3,month_end,Inflation Bridge Ridge,rolling_q80,0,40,37,3,0.925,0.125,0.8013576647568946,0.9741639742254119,4.858493210422488,0.027510352418468435,33,3,3,0,0.5005803172202725,0.47924524677417385,5.35907352764276,0.06859492244534526,4.7168680298501044,2.3584340149250522,5.002127255770679,4.802711560360079,0.025,0.05,36,48
Inflation,PCEPILFE,4,pre_release,Inflation Bridge Ridge,exp_weighted_q80,1,40,36,4,0.9,0.09999999999999998,0.7694822477247771,0.9604204713173936,2.9352011227800467,0.08666786826545826,31,4,4,0,0.9162864676735687,0.3384519174717695,3.8514875904536154,0.14576729550608836,4.317493573424149,2.1587467867120744,4.9217160362418095,4.837969079625936,0.025,0.075,36,48
Inflation,PCEPILFE,4,pre_release,Inflation Bridge Ridge,gaussian_rmse,0,40,38,2,0.95,0.1499999999999999,0.8349612263085903,0.9861793326138516,7.5154420819465315,0.00611722701014106,35,2,2,0,0.21632163102616708,0.6418570584611599,7.731763712972699,0.020944444296659225,5.085330423442523,2.5426652117212605,5.257611602843964,5.156794503246287,0.025,0.025,36,48
Inflation,PCEPILFE,4,pre_release,Inflation Bridge Ridge,rolling_q80,0,40,38,2,0.95,0.1499999999999999,0.8349612263085903,0.9861793326138516,7.5154420819465315,0.00611722701014106,35,2,2,0,0.21632163102616708,0.6418570584611599,7.731763712972699,0.020944444296659225,4.7083814210254875,2.3541907105127438,4.970997250988603,4.837969079625937,0.025,0.025,36,48
Labour,CES0500000003,1,month_open,Labour Bridge Ridge,exp_weighted_q80,1,41,35,6,0.8536585365853658,0.05365853658536579,0.7155654195751904,0.9311575185870407,0.7958720064462597,0.37233044465755505,29,5,5,1,0.015014107741130545,0.9024776505707723,0.8108861141873902,0.6666813675050631,5.145380758044083,2.5726903790220415,5.922888162496458,5.880301538291566,0.12195121951219512,0.024390243902439025,48,48
Labour,CES0500000003,1,month_open,Labour Bridge Ridge,gaussian_rmse,0,41,39,2,0.9512195121951219,0.15121951219512186,0.8386102112962914,0.9865190546348308,7.86043630284372,0.005052819820749637,36,2,2,0,0.2106236195441955,0.6462790559512959,8.071059922387915,0.01767630987218207,9.74120156327541,4.870600781637705,9.940428898707522,7.655422627529445,0.04878048780487805,0.0,48,48
Labour,CES0500000003,1,month_open,Labour Bridge Ridge,rolling_q80,0,41,39,2,0.9512195121951219,0.15121951219512186,0.8386102112962914,0.9865190546348308,7.86043630284372,0.005052819820749637,36,2,2,0,0.2106236195441955,0.6462790559512959,8.071059922387915,0.01767630987218207,6.493432902808615,3.2467164514043074,6.712301770251128,7.032789502434593,0.04878048780487805,0.0,48,48
Labour,CES0500000003,2,after_week_1,Labour Bridge Ridge,exp_weighted_q80,1,41,35,6,0.8536585365853658,0.05365853658536579,0.7155654195751904,0.9311575185870407,0.7958720064462597,0.37233044465755505,28,6,6,0,2.1287775511283726,0.14455600102210153,2.9246495575746323,0.23169700385025083,5.0624083327817235,2.5312041663908618,5.755977625222932,5.182869039421668,0.12195121951219512,0.024390243902439025,48,48
Labour,CES0500000003,2,after_week_1,Labour Bridge Ridge,gaussian_rmse,0,41,38,3,0.926829268292683,0.12682926829268293,0.8057255146228096,0.9748021693660901,5.150849775945275,0.023234999628129065,35,2,2,1,1.9306995424908884,0.16468193175148413,7.0815493184361635,0.02899086034408202,8.485563856593059,4.24278192829653,8.719118915442131,7.7442564867712775,0.07317073170731707,0.0,48,48
Labour,CES0500000003,2,after_week_1,Labour Bridge Ridge,rolling_q80,0,41,39,2,0.9512195121951219,0.15121951219512186,0.8386102112962914,0.9865190546348308,7.86043630284372,0.005052819820749637,36,2,2,0,0.2106236195441955,0.6462790559512959,8.071059922387915,0.01767630987218207,6.635320704470332,3.3176603522351664,6.752481237368791,7.153545121356185,0.04878048780487805,0.0,48,48
Labour,CES0500000003,3,after_week_2,Labour Bridge Ridge,exp_weighted_q80,1,41,33,8,0.8048780487804879,0.004878048780487809,0.6598641481293658,0.8976556261484198,0.00613523959528095,0.9375673278381935,25,7,7,1,0.38330685395396813,0.5358387559574291,0.3894420935492491,0.82306422245521,5.035956266955131,2.5179781334775657,5.765547013101375,5.187857600944325,0.14634146341463414,0.04878048780487805,48,48
Labour,CES0500000003,3,after_week_2,Labour Bridge Ridge,gaussian_rmse,0,41,38,3,0.926829268292683,0.12682926829268293,0.8057255146228096,0.9748021693660901,5.150849775945275,0.023234999628129065,35,2,2,1,1.9306995424908884,0.16468193175148413,7.0815493184361635,0.02899086034408202,10.686669175701406,5.343334587850703,10.823079920459051,7.59559799236008,0.07317073170731707,0.0,48,48
Labour,CES0500000003,3,after_week_2,Labour Bridge Ridge,rolling_q80,0,41,39,2,0.9512195121951219,0.15121951219512186,0.8386102112962914,0.9865190546348308,7.86043630284372,0.005052819820749637,36,2,2,0,0.2106236195441955,0.6462790559512959,8.071059922387915,0.01767630987218207,6.603752059757317,3.3018760298786587,6.710337962222994,6.878295314661585,0.04878048780487805,0.0,48,48
Labour,CES0500000003,4,month_end,Labour Equal-Weight Ensemble,exp_weighted_q80,1,41,35,6,0.8536585365853658,0.05365853658536579,0.7155654195751904,0.9311575185870407,0.7958720064462597,0.37233044465755505,29,5,5,1,0.015014107741130545,0.9024776505707723,0.8108861141873902,0.6666813675050631,4.248278507380815,2.1241392536904073,4.91644432192615,3.9474639742560913,0.07317073170731707,0.07317073170731707,48,48
Labour,CES0500000003,4,month_end,Labour Equal-Weight Ensemble,gaussian_rmse,0,41,39,2,0.9512195121951219,0.15121951219512186,0.8386102112962914,0.9865190546348308,7.86043630284372,0.005052819820749637,36,2,2,0,0.2106236195441955,0.6462790559512959,8.071059922387915,0.01767630987218207,10.88081392594959,5.440406962974795,10.974470705149038,6.431470543629763,0.04878048780487805,0.0,48,48
Labour,CES0500000003,4,month_end,Labour Equal-Weight Ensemble,rolling_q80,0,41,39,2,0.9512195121951219,0.15121951219512186,0.8386102112962914,0.9865190546348308,7.86043630284372,0.005052819820749637,36,2,2,0,0.2106236195441955,0.6462790559512959,8.071059922387915,0.01767630987218207,6.405254878065236,3.202627439032618,6.5468432385915305,6.2123434764229835,0.04878048780487805,0.0,48,48
Labour,CES0500000003,5,pre_employment_report,Labour Equal-Weight Ensemble,exp_weighted_q80,1,41,35,6,0.8536585365853658,0.05365853658536579,0.7155654195751904,0.9311575185870407,0.7958720064462597,0.37233044465755505,29,5,5,1,0.015014107741130545,0.9024776505707723,0.8108861141873902,0.6666813675050631,4.289082327321225,2.1445411636606124,4.93815319962076,4.338549418197749,0.07317073170731707,0.07317073170731707,48,48
Labour,CES0500000003,5,pre_employment_report,Labour Equal-Weight Ensemble,gaussian_rmse,0,41,39,2,0.9512195121951219,0.15121951219512186,0.8386102112962914,0.9865190546348308,7.86043630284372,0.005052819820749637,36,2,2,0,0.2106236195441955,0.6462790559512959,8.071059922387915,0.01767630987218207,10.909266756962092,5.454633378481046,11.021374216230697,6.442063220535095,0.04878048780487805,0.0,48,48
Labour,CES0500000003,5,pre_employment_report,Labour Equal-Weight Ensemble,rolling_q80,0,41,39,2,0.9512195121951219,0.15121951219512186,0.8386102112962914,0.9865190546348308,7.86043630284372,0.005052819820749637,36,2,2,0,0.2106236195441955,0.6462790559512959,8.071059922387915,0.01767630987218207,6.290973430267251,3.1454867151336257,6.454070185690413,6.140162936086563,0.04878048780487805,0.0,48,48
Labour,PAYEMS,1,month_open,Labour 12-Month Mean,exp_weighted_q80,1,41,36,5,0.8780487804878049,0.07804878048780484,0.7445578847902312,0.9467666353142228,1.755548042391787,0.18518078360780169,31,4,4,1,0.2607859279122984,0.6095807253007932,2.0163339703040855,0.36488721062060164,486.0406504065041,243.02032520325204,539.9430894308942,422.33333333333337,0.07317073170731707,0.04878048780487805,48,48
Labour,PAYEMS,1,month_open,Labour 12-Month Mean,gaussian_rmse,0,41,39,2,0.9512195121951219,0.15121951219512186,0.8386102112962914,0.9865190546348308,7.86043630284372,0.005052819820749637,36,2,2,0,0.2106236195441955,0.6462790559512959,8.071059922387915,0.01767630987218207,3836.9266909549583,1918.4633454774792,3857.103553318117,1592.008843932943,0.04878048780487805,0.0,48,48
Labour,PAYEMS,1,month_open,Labour 12-Month Mean,rolling_q80,0,41,39,2,0.9512195121951219,0.15121951219512186,0.8386102112962914,0.9865190546348308,7.86043630284372,0.005052819820749637,36,2,2,0,0.2106236195441955,0.6462790559512959,8.071059922387915,0.01767630987218207,1516.6747967479675,758.3373983739838,1536.4105691056914,1515.8333333333333,0.04878048780487805,0.0,48,48
Labour,PAYEMS,2,after_week_1,Labour Bridge Ridge,exp_weighted_q80,1,41,38,3,0.926829268292683,0.12682926829268293,0.8057255146228096,0.9748021693660901,5.150849775945275,0.023234999628129065,34,3,3,0,0.4870209316686527,0.48525921666709926,5.637870707613928,0.05966943574173728,695.4062874521982,347.7031437260991,748.5299404682029,669.3216811152586,0.04878048780487805,0.024390243902439025,48,48
Labour,PAYEMS,2,after_week_1,Labour Bridge Ridge,gaussian_rmse,0,41,40,1,0.975609756097561,0.1756097560975609,0.8740493794422576,0.9956814684310874,11.667806789366638,0.0006359093165023255,38,1,1,0,0.05128767209537877,0.8208375874096595,11.719094461462017,0.002852534930494162,3699.9524713522646,1849.9762356761323,3708.387407003327,2835.417645411983,0.024390243902439025,0.0,48,48
Labour,PAYEMS,2,after_week_1,Labour Bridge Ridge,rolling_q80,0,41,40,1,0.975609756097561,0.1756097560975609,0.8740493794422576,0.9956814684310874,11.667806789366638,0.0006359093165023255,38,1,1,0,0.05128767209537877,0.8208375874096595,11.719094461462017,0.002852534930494162,1176.4981235971777,588.2490617985889,1186.2471899532297,919.2666926127088,0.024390243902439025,0.0,48,48
Labour,PAYEMS,3,after_week_2,Labour Factor Ridge,exp_weighted_q80,1,41,37,4,0.9024390243902439,0.10243902439024388,0.7745231869447662,0.9614029151019106,3.1734970516028156,0.07484203819348655,34,3,2,1,1.3638167317819985,0.2428771023856817,4.537313783384814,0.10345103275666157,673.1879772800968,336.5939886400484,806.1677206135877,613.6956766785772,0.07317073170731707,0.024390243902439025,48,48
Labour,PAYEMS,3,after_week_2,Labour Factor Ridge,gaussian_rmse,0,41,39,2,0.9512195121951219,0.15121951219512186,0.8386102112962914,0.9865190546348308,7.86043630284372,0.005052819820749637,37,2,1,0,0.10392532746977245,0.7471689891325246,7.964361630313492,0.018644933813995918,3514.077047749808,1757.038523874904,3556.7032971086746,1178.8841303607667,0.04878048780487805,0.0,48,48
Labour,PAYEMS,3,after_week_2,Labour Factor Ridge,rolling_q80,0,41,39,2,0.9512195121951219,0.15121951219512186,0.8386102112962914,0.9865190546348308,7.86043630284372,0.005052819820749637,37,2,1,0,0.10392532746977245,0.7471689891325246,7.964361630313492,0.018644933813995918,921.3317909489402,460.6658954744701,960.2880451705505,966.7263546769695,0.04878048780487805,0.0,48,48
Labour,PAYEMS,4,month_end,Labour Bridge Ridge,exp_weighted_q80,1,41,37,4,0.9024390243902439,0.10243902439024388,0.7745231869447662,0.9614029151019106,3.1734970516028156,0.07484203819348655,32,4,4,0,0.8907269706175533,0.34528038179729514,4.064224022220369,0.13105843177957693,653.7700403833496,326.8850201916748,748.5229413700313,626.8073301823832,0.07317073170731707,0.024390243902439025,48,48
Labour,PAYEMS,4,month_end,Labour Bridge Ridge,gaussian_rmse,0,41,39,2,0.9512195121951219,0.15121951219512186,0.8386102112962914,0.9865190546348308,7.86043630284372,0.005052819820749637,36,2,2,0,0.2106236195441955,0.6462790559512959,8.071059922387915,0.01767630987218207,3825.828261386434,1912.914130693217,3854.6806252306433,2616.8129862309866,0.04878048780487805,0.0,48,48
Labour,PAYEMS,4,month_end,Labour Bridge Ridge,rolling_q80,0,41,38,3,0.926829268292683,0.12682926829268293,0.8057255146228096,0.9748021693660901,5.150849775945275,0.023234999628129065,34,3,3,0,0.4870209316686527,0.48525921666709926,5.637870707613928,0.05966943574173728,1097.3944219825228,548.6972109912614,1136.0636755836956,1137.431112930002,0.07317073170731707,0.0,48,48
Labour,PAYEMS,5,pre_employment_report,Labour Bridge Ridge,exp_weighted_q80,1,41,37,4,0.9024390243902439,0.10243902439024388,0.7745231869447662,0.9614029151019106,3.1734970516028156,0.07484203819348655,32,4,4,0,0.8907269706175533,0.34528038179729514,4.064224022220369,0.13105843177957693,594.2710865055091,297.13554325275453,710.1106980127588,500.1212287448073,0.07317073170731707,0.024390243902439025,48,48
Labour,PAYEMS,5,pre_employment_report,Labour Bridge Ridge,gaussian_rmse,0,41,40,1,0.975609756097561,0.1756097560975609,0.8740493794422576,0.9956814684310874,11.667806789366638,0.0006359093165023255,38,1,1,0,0.05128767209537877,0.8208375874096595,11.719094461462017,0.002852534930494162,3809.7589608914554,1904.8794804457277,3835.004169579476,2597.2426798678825,0.024390243902439025,0.0,48,48
Labour,PAYEMS,5,pre_employment_report,Labour Bridge Ridge,rolling_q80,0,41,39,2,0.9512195121951219,0.15121951219512186,0.8386102112962914,0.9865190546348308,7.86043630284372,0.005052819820749637,36,2,2,0,0.2106236195441955,0.6462790559512959,8.071059922387915,0.01767630987218207,1076.089481440269,538.0447407201345,1125.0293237190285,983.7063816885773,0.04878048780487805,0.0,48,48
Labour,UNRATE,1,month_open,Labour AR(1),exp_weighted_q80,1,40,39,1,0.975,0.17499999999999993,0.8711863103652591,0.9955731684973186,11.271524896374075,0.0007870505047345751,37,1,1,0,0.05263765537439724,0.8185355165389425,11.324162551748472,0.003475276357205113,0.7806595584052431,0.3903297792026216,0.7828584383903578,0.6494468632112369,0.0,0.025,48,48
Labour,UNRATE,1,month_open,Labour AR(1),gaussian_rmse,0,40,40,0,1.0,0.19999999999999996,0.9123783988027135,1.0,17.851484105136777,2.388329287534198e-05,39,0,0,0,0.0,1.0,17.851484105136777,0.00013292279957849182,3.5830346673890636,1.7915173336945318,3.5830346673890636,2.3564699162077165,0.0,0.0,48,48
Labour,UNRATE,1,month_open,Labour AR(1),rolling_q80,0,40,40,0,1.0,0.19999999999999996,0.9123783988027135,1.0,17.851484105136777,2.388329287534198e-05,39,0,0,0,0.0,1.0,17.851484105136777,0.00013292279957849182,1.480478809879023,0.7402394049395113,1.480478809879023,1.4523586948320304,0.0,0.0,48,48
Labour,UNRATE,2,after_week_1,Labour Equal-Weight Ensemble,exp_weighted_q80,1,40,31,9,0.775,-0.025000000000000022,0.6249690325768998,0.8768390867645927,0.15167534631092394,0.6969394511618474,26,4,5,4,3.653760640751024,0.05594276168768421,3.805435987061948,0.14916264465120835,0.7861799469969356,0.39308997349846775,0.9105982767302805,0.8367629577317635,0.0,0.225,48,48
Labour,UNRATE,2,after_week_1,Labour Equal-Weight Ensemble,gaussian_rmse,0,40,36,4,0.9,0.09999999999999998,0.7694822477247771,0.9604204713173936,2.9352011227800467,0.08666786826545826,33,2,2,2,4.9156352351832915,0.026614674582790546,7.850836357963338,0.019733882850749163,2.7293819249920976,1.3646909624960486,2.781670086724544,0.9294952742978408,0.0,0.1,48,48
Labour,UNRATE,2,after_week_1,Labour Equal-Weight Ensemble,rolling_q80,0,40,36,4,0.9,0.09999999999999998,0.7694822477247771,0.9604204713173936,2.9352011227800467,0.08666786826545826,33,2,2,2,4.9156352351832915,0.026614674582790546,7.850836357963338,0.019733882850749163,0.8803892764965578,0.4401946382482789,0.9363212342598214,0.8565054065860871,0.0,0.1,48,48
Labour,UNRATE,3,after_week_2,Labour Equal-Weight Ensemble,exp_weighted_q80,1,40,30,10,0.75,-0.050000000000000044,0.5980603857923197,0.858128813609037,0.5905597580299258,0.44220274536238796,25,4,5,5,5.003967488285909,0.025289283980660385,5.594527246315835,0.0609766897456761,0.7888620109138762,0.3944310054569381,0.9296858308707826,0.8274047348656322,0.0,0.25,48,48
Labour,UNRATE,3,after_week_2,Labour Equal-Weight Ensemble,gaussian_rmse,0,40,36,4,0.9,0.09999999999999998,0.7694822477247771,0.9604204713173936,2.9352011227800467,0.08666786826545826,33,2,2,2,4.9156352351832915,0.026614674582790546,7.850836357963338,0.019733882850749163,2.2128505114444352,1.1064252557222176,2.283273242579228,0.92848908449083,0.0,0.1,48,48
Labour,UNRATE,3,after_week_2,Labour Equal-Weight Ensemble,rolling_q80,0,40,31,9,0.775,-0.025000000000000022,0.6249690325768998,0.8768390867645927,0.15167534631092394,0.6969394511618474,26,4,4,5,6.210146693926198,0.012702010369673155,6.361822040237122,0.041547787004641325,0.79713000050813,0.398565000254065,0.8938894323436688,0.7935672060528196,0.0,0.225,48,48
Labour,UNRATE,4,month_end,Labour Equal-Weight Ensemble,exp_weighted_q80,1,40,30,10,0.75,-0.050000000000000044,0.5980603857923197,0.858128813609037,0.5905597580299258,0.44220274536238796,25,4,5,5,5.003967488285909,0.025289283980660385,5.594527246315835,0.0609766897456761,0.7843889291319615,0.3921944645659807,0.8958575719521505,0.8143723641776424,0.0,0.25,48,48
Labour,UNRATE,4,month_end,Labour Equal-Weight Ensemble,gaussian_rmse,0,40,36,4,0.9,0.09999999999999998,0.7694822477247771,0.9604204713173936,2.9352011227800467,0.08666786826545826,33,2,2,2,4.9156352351832915,0.026614674582790546,7.850836357963338,0.019733882850749163,2.110961147148079,1.0554805735740393,2.1718259571427865,0.9450124840162644,0.0,0.1,48,48
Labour,UNRATE,4,month_end,Labour Equal-Weight Ensemble,rolling_q80,0,40,36,4,0.9,0.09999999999999998,0.7694822477247771,0.9604204713173936,2.9352011227800467,0.08666786826545826,32,3,3,1,0.8188152548760641,0.3655267852904452,3.754016377656111,0.1530473101335627,0.8208032531933565,0.41040162659667834,0.8684217399868744,0.8378253501368433,0.0,0.1,48,48
Labour,UNRATE,5,pre_employment_report,Labour Equal-Weight Ensemble,exp_weighted_q80,1,40,32,8,0.8,0.0,0.652426936536005,0.895000102745623,0.0,1.0,26,5,6,2,0.31879864163359883,0.5723305132982771,0.31879864163359883,0.8526558077654587,0.729654722044278,0.364827361022139,0.8784836573557996,0.7536862637712956,0.0,0.2,48,48
Labour,UNRATE,5,pre_employment_report,Labour Equal-Weight Ensemble,gaussian_rmse,0,40,36,4,0.9,0.09999999999999998,0.7694822477247771,0.9604204713173936,2.9352011227800467,0.08666786826545826,33,2,2,2,4.9156352351832915,0.026614674582790546,7.850836357963338,0.019733882850749163,2.0785407886288785,1.0392703943144392,2.134406074679391,0.8574043966379552,0.0,0.1,48,48
Labour,UNRATE,5,pre_employment_report,Labour Equal-Weight Ensemble,rolling_q80,0,40,35,5,0.875,0.07499999999999996,0.738878801611489,0.945404997490546,1.5728148158207418,0.2097987046721094,31,3,4,1,0.49542970570120914,0.4815151829360418,2.068244521521951,0.3555383139361212,0.7699899682077717,0.3849949841038859,0.8439320676821371,0.8132745820631773,0.0,0.125,48,48
